chr,start,end,gene_symbol,strand
chr1,895966,901099,KLHL17,+
chr1,955502,991499,AGRN,+
chr1,1177825,1182102,FAM132A,-
chr1,1227763,1243269,ACAP3,-
chr1,1270657,1284492,DVL1,-
chr1,1353799,1356824,ANKRD65,-
chr1,1370902,1378262,VWA1,+
chr1,1385068,1405538,ATAD3C,+
chr1,1470157,1475740,TMEM240,-
chr1,1533387,1535476,FNDC10,-
chr1,1716723,1822556,GNB1,-
chr1,1981908,2116834,PRKCZ,+
chr1,2115898,2126214,FAAP20,-
chr1,2160133,2241652,SKI,+
chr1,2336240,2344010,PEX10,-
chr1,2398897,2436969,PLCH2,+
chr1,2572806,2706230,TTC34,-
chr1,3371146,3397677,ARHGEF16,+
chr1,3541555,3546695,TPRG1L,+
chr1,3569128,3652765,TP73,+
chr1,3668964,3688209,CCDC27,+
chr1,3689324,3692546,SMIM1,+
chr1,6086072,6161253,KCNAB2,+
chr1,6161846,6240194,CHD5,-
chr1,6281252,6296044,ICMT,-
chr1,6307405,6321035,GPR153,-
chr1,6526151,6557484,PLEKHG5,-
chr1,6845383,6948261,CAMTA1,+
chr1,8412463,8483747,RERE,-
chr1,9164475,9189229,GPR157,-
chr1,9294862,9331396,H6PD,+
chr1,9352940,9429591,SPSB1,+
chr1,9648931,9674935,TMEM201,+
chr1,9711789,9789172,PIK3CD,+
chr1,9908333,9970316,CTNNBIP1,-
chr1,10270763,10441661,KIF1B,+
chr1,11114648,11120091,SRM,-
chr1,11714431,11723384,FBXO44,+
chr1,11734536,11751678,MAD2L2,-
chr1,11822249,11849642,C1orf167,+
chr1,12290095,12572099,VPS13D,+
chr1,13911966,13944452,PDPN,+
chr1,14026734,14151574,PRDM2,+
chr1,15250624,15394651,KAZN,+
chr1,15736390,15756839,EFHD2,+
chr1,15802595,15817895,CELA2B,+
chr1,15817895,15851285,CASP9,-
chr1,15898193,15911605,AGMAT,-
chr1,16010826,16061264,PLEKHM2,+
chr1,16085254,16113084,FBLIM1,+
chr1,16384263,16400127,FAM131C,-
chr1,16524348,16539166,ARHGEF19,-
chr1,16725137,16763919,SPATA21,-
chr1,17300996,17308081,MFAP2,-
chr1,17312452,17338467,ATP13A2,-
chr1,17907047,18024370,ARHGEF10L,+
chr1,19230773,19282826,IFFO2,-
chr1,19665266,19812135,CAPZB,-
chr1,19970207,19984949,NBL1,+
chr1,19991779,20007459,HTR6,+
chr1,20246799,20250110,PLA2G2E,-
chr1,20990506,21044510,KIF17,-
chr1,21922707,21978348,RAP1GAP,-
chr1,22148724,22263790,HSPG2,-
chr1,22443797,22469519,WNT4,-
chr1,22889994,22916114,EPHA8,+
chr1,23037330,23247993,EPHB2,+
chr1,23707401,23751272,TCEA3,-
chr1,23755055,23810750,ASAP3,-
chr1,24645811,24690972,GRHL3,+
chr1,24683488,24741587,STPG1,-
chr1,24829386,24863510,RCAN3,+
chr1,25226001,25256770,RUNX3,-
chr1,25870075,25895377,LDLRAP1,+
chr1,26126666,26144713,SELENON,+
chr1,26187974,26197744,PAQR7,-
chr1,26364512,26372629,SLC30A2,-
chr1,26485510,26489119,FAM110D,+
chr1,26608772,26644756,UBXN11,-
chr1,26737258,26756219,LIN28A,+
chr1,26856248,26901520,RPS6KA1,+
chr1,27022521,27108601,ARID1A,+
chr1,27153200,27182211,ZDHHC18,+
chr1,27276046,27286901,KDF1,-
chr1,27719147,27722318,GPR3,+
chr1,27860755,27930005,AHDC1,-
chr1,28918711,28921098,RAB42,+
chr1,29138653,29190208,OPRD1,+
chr1,29563027,29653325,PTPRU,+
chr1,31342312,31381480,SDC3,-
chr1,31652591,31712734,NKAIN1,-
chr1,31882411,31907527,SERINC2,+
chr1,32083300,32092919,HCRTR1,+
chr1,32117847,32169768,COL16A1,-
chr1,32192705,32229664,ADGRB2,-
chr1,32372021,32403988,PTP4A2,-
chr1,32739711,32751768,LCK,+
chr1,33145506,33168361,SYNC,-
chr1,33207511,33240571,KIAA1522,+
chr1,33360193,33367041,TMEM54,-
chr1,33722173,33766320,ZNF362,+
chr1,35258598,35261348,GJA4,+
chr1,35525386,35581460,ZMYM1,+
chr1,36038970,36060929,TFAP2E,+
chr1,36065141,36097138,PSMB2,-
chr1,36273827,36323491,AGO4,+
chr1,36335408,36389900,AGO1,+
chr1,36549675,36553876,TEKT2,+
chr1,36560836,36590685,COL8A2,-
chr1,38462441,38471187,FHL3,-
chr1,39339738,39347298,GJA9,-
chr1,39351477,39407502,RHBDL2,-
chr1,39549838,39952810,MACF1,+
chr1,39957317,39995541,BMP8A,+
chr1,40222853,40254533,BMP8B,-
chr1,40713572,40717365,TMCO2,+
chr1,40766162,40782939,COL9A2,-
chr1,40862471,40888998,SMAP2,+
chr1,41086351,41131324,RIMS3,-
chr1,41249683,41306124,KCNQ4,+
chr1,41492870,41707815,SCMH1,-
chr1,41827602,41849263,FOXO6,+
chr1,42846467,42889900,RIMKLA,+
chr1,43803474,43820135,MPL,+
chr1,43991707,44089343,PTPRF,+
chr1,44444873,44456843,B4GALT2,+
chr1,44889495,45117396,RNF220,+
chr1,45249256,45253426,BEST4,-
chr1,46269278,46501796,MAST2,+
chr1,46505811,46642167,PIK3R3,-
chr1,46640748,46651634,TSPAN1,+
chr1,46654352,46663171,POMGNT1,-
chr1,46859938,46879520,FAAH,+
chr1,47073386,47082563,MOB3C,-
chr1,51752929,51796236,TTC39A,-
chr1,52607765,52812358,ZFYVE9,+
chr1,53192130,53293014,ZYG11B,+
chr1,53361581,53387457,ECHDC2,-
chr1,53708035,53793821,LRP8,-
chr1,54387233,54411981,HSPB11,-
chr1,54411998,54433841,LRRC42,+
chr1,54604667,54618679,CDCP2,-
chr1,54691103,54872068,SSBP3,-
chr1,55250223,55266941,TTC22,-
chr1,55271735,55307937,LEXM,+
chr1,55446336,55457966,TMEM61,+
chr1,55464616,55474465,BSND,+
chr1,55505148,55530526,PCSK9,+
chr1,57184476,57285369,C1orf168,-
chr1,59041094,59043166,TACSTD2,-
chr1,59775749,60228402,FGGY,+
chr1,62701836,62785085,KANK4,-
chr1,63063157,63071976,ANGPTL3,+
chr1,63788729,63790797,FOXD3,+
chr1,64669300,64711957,UBE2U,+
chr1,66820060,66840262,PDE4B,+
chr1,67773046,67862583,IL12RB2,+
chr1,75667816,76076801,SLC44A5,-
chr1,77747661,78025654,AK5,+
chr1,78510645,78604133,GIPC2,+
chr1,82165454,82458422,ADGRL2,+
chr1,84609930,84704181,PRKACB,+
chr1,85784167,85930889,DDAH1,-
chr1,91177578,91182794,BARHL2,-
chr1,92145899,92371559,TGFBR3,-
chr1,92634414,92650282,KIAA1107,+
chr1,92683572,92711367,C1orf146,+
chr1,92974252,93257961,EVI5,-
chr1,94027342,94079702,BCAR3,-
chr1,94634462,94713316,ARHGAP29,-
chr1,95286099,95360803,SLC44A3,+
chr1,95582893,95663163,TMEM56,+
chr1,95583478,95710511,TMEM56-RWDD3,+
chr1,100614003,100643829,LRRC39,-
chr1,100810570,100965021,CDC14A,+
chr1,104230040,104238889,AMY1B,-
chr1,104292275,104301314,AMY1C,+
chr1,109102970,109181949,FAM102B,+
chr1,109358519,109399726,AKNAD1,-
chr1,109472129,109493070,CLCC1,-
chr1,109656584,109749403,KIAA1324,+
chr1,109792640,109818378,CELSR2,+
chr1,109852186,109935979,SORT1,-
chr1,110049445,110052336,AMIGO1,-
chr1,110082493,110088455,GPR61,+
chr1,110254863,110260890,GSTM5,+
chr1,110574198,110597263,STRIP1,+
chr1,110602996,110613322,ALX3,-
chr1,110753335,110776674,KCNC4,+
chr1,111728590,111747160,DENND2D,-
chr1,113051369,113063910,WNT2B,+
chr1,113252615,113257950,PPM1J,-
chr1,114493766,114520491,HIPK1,+
chr1,116184573,116240845,VANGL1,+
chr1,116378997,116383333,NHLH2,-
chr1,117297051,117311851,CD2,+
chr1,117544371,117579173,CD101,+
chr1,120290618,120311555,HMGCS2,-
chr1,120377387,120387503,NBPF7,-
chr1,121107153,121134735,SRGAP2C,+
chr1,145439346,145442644,TXNIP,+
chr1,145727665,145764207,PDZK1,+
chr1,147574322,147608092,NBPF11,-
chr1,149449933,149459550,FAM72C,-
chr1,149874869,149878543,SV2A,-
chr1,150122091,150132260,PLEKHO1,+
chr1,150254942,150259505,CIART,+
chr1,150521844,150533413,ADAMTSL4,+
chr1,150954498,150968114,ANXA9,+
chr1,150969300,150980225,FAM63A,-
chr1,151672533,151689296,CELF3,-
chr1,151810338,151813033,C2CD4D,-
chr1,152056619,152061540,TCHHL1,-
chr1,152078792,152087930,TCHH,-
chr1,152184551,152196672,HRNR,-
chr1,154134288,154164611,TPM3,-
chr1,154451953,154474526,SHE,-
chr1,154540256,154552354,CHRNB2,+
chr1,155006281,155023406,DCST1,+
chr1,155259083,155271225,PKLR,-
chr1,156041803,156051789,MEX3A,-
chr1,156119734,156147542,SEMA4A,+
chr1,156374043,156399340,C1orf61,-
chr1,156589085,156595517,HAPLN2,+
chr1,156810664,156828712,INSRR,-
chr1,156830670,156851642,NTRK1,+
chr1,156863522,156886226,PEAR1,+
chr1,156890423,156902880,LRRC71,+
chr1,160051359,160059212,KCNJ9,+
chr1,160061128,160068618,IGSF8,-
chr1,160160284,160171676,CASQ1,+
chr1,160336860,160342638,NHLH1,+
chr1,160370363,160398468,VANGL2,+
chr1,161016731,161039760,ARHGAP30,-
chr1,161040780,161059385,NECTIN4,-
chr1,161169104,161184185,NDUFS2,+
chr1,161274524,161279762,MPZ,-
chr1,161511548,161519893,FCGR3A,-
chr1,161691333,161697933,FCRLB,+
chr1,162039580,162339813,NOS1AP,+
chr1,162351519,162356608,C1orf226,+
chr1,167298280,167396582,POU2F1,+
chr1,167399876,167487847,CD247,-
chr1,168545710,168551315,XCL1,+
chr1,169890469,170038056,KIFAP3,-
chr1,173872941,173886516,SERPINC1,-
chr1,174843523,174927327,RABGAP1L,+
chr1,178310605,178448649,RASAL2,+
chr1,178994938,179045709,FAM20B,+
chr1,179068461,179112224,ABL2,-
chr1,179712297,179785333,FAM163A,+
chr1,180882312,180915239,KIAA1614,+
chr1,181002560,181031074,MR1,+
chr1,182023704,182030847,ZNF648,-
chr1,182367251,182369751,TEDDM1,-
chr1,183524696,183560056,NCF2,-
chr1,186265404,186283694,PRG4,+
chr1,186412697,186417856,PDC,-
chr1,193065596,193075665,GLRX2,-
chr1,197881634,197899273,LHX9,+
chr1,200863948,200884864,C1orf106,+
chr1,200938513,200992828,KIF21B,-
chr1,201433411,201438299,PHLDA3,-
chr1,201452657,201465701,CSRP1,-
chr1,202116140,202130716,PTPN7,-
chr1,202163117,202288889,LGR6,+
chr1,202431870,202557697,PPP1R12B,+
chr1,202559723,202612581,SYT2,-
chr1,202694312,202778598,KDM5B,-
chr1,202860223,202897772,KLHL12,-
chr1,203052256,203055166,MYOG,-
chr1,203148058,203155922,CHI3L1,-
chr1,203444882,203460480,PRELP,+
chr1,204391757,204459474,PIK3C2B,-
chr1,204586300,204654597,LRRN2,-
chr1,204913353,204991950,NFASC,+
chr1,205012064,205047400,CNTN2,+
chr1,205215623,205242471,TMCC2,+
chr1,205473683,205501921,CDK18,+
chr1,205538111,205572046,MFSD4A,+
chr1,205626980,205649630,SLC45A3,-
chr1,205882175,205912588,SLC26A9,-
chr1,206858364,206907630,MAPKAPK2,+
chr1,206940947,206945839,IL10,-
chr1,207191865,207206101,C1orf116,-
chr1,211499956,211548288,TRAF5,+
chr1,211916798,212004114,LPGAT1,-
chr1,212475147,212535205,PPP2R5A,+
chr1,212738675,212794119,ATF3,+
chr1,212859758,212873327,BATF3,-
chr1,214454564,214510477,SMYD2,+
chr1,223394160,223537544,SUSD4,-
chr1,223566714,223568812,CCDC185,+
chr1,226736500,226796915,STUM,+
chr1,228003417,228034171,PRSS38,+
chr1,228109164,228135676,WNT9A,-
chr1,228194722,228248972,WNT3A,+
chr1,230202941,230417876,GALNT2,+
chr1,230457391,230561674,PGBD5,-
chr1,230883129,230937518,CAPN9,+
chr1,231154703,231175995,FAM89A,-
chr1,231298673,231357314,TRIM67,+
chr1,231319844,231323373,LOC149373,-
chr1,234040457,234460264,SLC35F3,+
chr1,235710984,235814054,GNG4,-
chr1,236681513,236716281,LGALS8,+
chr1,237205701,237997288,RYR2,+
chr1,240938813,241520530,RGS7,-
chr1,244212240,244220778,ZBTB18,+
chr1,249104644,249119565,SH3BP5L,-
chr10,181423,300577,ZMYND11,+
chr10,320129,735608,DIP2C,-
chr10,6130948,6159422,RBM17,+
chr10,7745235,7791483,ITIH2,+
chr10,11502508,11574279,USP6NL,-
chr10,11865396,11914276,PROSER2,+
chr10,13263765,13276328,UCMA,-
chr10,13685705,14014369,FRMD4A,-
chr10,14560555,14614188,FAM107B,-
chr10,15253641,15413058,FAM171A1,-
chr10,18629613,18830688,CACNB2,+
chr10,22823765,23003503,PIP4K2A,-
chr10,23728197,23731310,OTUD1,+
chr10,24872537,25012597,ARHGAP21,-
chr10,33189245,33246822,ITGB1,-
chr10,43650344,43680756,CSGALNACT2,+
chr10,43689980,43725187,RASGEF1A,-
chr10,44051791,44063907,ZNF239,-
chr10,44139306,44144326,ZNF32,-
chr10,45950032,46030842,43532,-
chr10,46993545,47000568,GPRIN2,+
chr10,47083533,47088320,NPY4R,+
chr10,49514681,49647403,MAPK8,+
chr10,49654067,49813176,ARHGAP22,-
chr10,64571755,64578927,EGR2,-
chr10,70242089,70277975,SLC25A16,-
chr10,70587293,70655209,STOX1,+
chr10,71029755,71161638,HK1,+
chr10,71163957,71176674,TACR2,-
chr10,71390002,71393355,C10orf35,+
chr10,72191691,72207704,NODAL,-
chr10,72357103,72362531,PRF1,-
chr10,72972291,73062635,UNC5B,+
chr10,73555527,73575704,CDH23,+
chr10,73724119,73773322,CHST3,+
chr10,74127083,74283744,MICU1,-
chr10,74452376,74647452,MCU,+
chr10,75257295,75351108,USP54,-
chr10,75391369,75401515,MYOZ1,-
chr10,75572258,75634349,CAMK2G,-
chr10,80828791,81076285,ZMIZ1,+
chr10,81142080,81205383,ZCCHC24,-
chr10,81462982,81472513,NUTM2B,+
chr10,81697495,81708861,SFTPD,-
chr10,81892257,81904820,PLAC9,+
chr10,81914879,81964247,ANXA11,-
chr10,82167584,82192753,FAM213A,+
chr10,82214037,82282391,TSPAN14,+
chr10,85954390,85979377,CDHR1,+
chr10,86088344,86278277,CCSER2,+
chr10,88428205,88495825,LDB3,+
chr10,88695296,88717425,MMRN2,-
chr10,89267589,89313218,MINPP1,+
chr10,90694830,90712580,ACTA2,-
chr10,92671856,92681032,ANKRD1,-
chr10,92922768,93044088,PCGF5,+
chr10,94449680,94455408,HHEX,+
chr10,94586587,94819251,EXOC6,+
chr10,95372344,95425430,PDE6C,+
chr10,98592711,98724198,LCOR,+
chr10,98981929,99030447,ARHGAP19,-
chr10,99526507,99531756,SFRP5,-
chr10,101635327,101769710,DNMBP,-
chr10,102222811,102243399,WNT8B,+
chr10,103529886,103535759,FGF8,-
chr10,104590287,104597290,CYP17A1,-
chr10,105213143,105218648,CALHM1,-
chr10,105353783,105615164,SH3PXD2A,-
chr10,105791045,105845638,COL17A1,-
chr10,106013951,106027222,GSTO1,+
chr10,106069453,106093663,ITPRIP,-
chr10,111756107,111895323,ADD3,+
chr10,115469103,115490668,CASP7,+
chr10,116581502,116659586,FAM160B1,+
chr10,118350470,118368687,PNLIPRP1,+
chr10,118430702,118502085,HSPA12A,-
chr10,119000583,119038941,SLC18A2,+
chr10,120789227,120793244,NANOS1,+
chr10,120967196,121215131,GRK5,+
chr10,121259338,121296045,RGS10,-
chr10,121578768,121588663,INPP5F,+
chr10,123237843,123290828,FGFR2,-
chr10,124134093,124191871,PLEKHA1,+
chr10,124221040,124274424,HTRA1,+
chr10,125767181,125851940,CHST15,-
chr10,126150340,126302710,LHPP,+
chr10,126307862,126432930,FAM53B,-
chr10,126630691,126676005,ZRANB1,+
chr10,126676417,126848604,CTBP2,-
chr10,127524908,127569884,DHX32,-
chr10,128933689,128994422,FAM196A,-
chr10,133747954,133773338,PPP2R2D,+
chr10,134000413,134019280,DPYSL4,+
chr10,134020985,134120726,STK32C,-
chr10,134210701,134231363,PWWP2B,+
chr10,134258713,134261825,C10orf91,+
chr10,134351282,134596984,INPP5A,+
chr10,134973957,135039916,KNDC1,+
chr10,135092133,135122660,TUBGCP2,-
chr10,135122392,135126666,ZNF511,+
chr10,135138926,135150487,CALY,-
chr10,135192740,135205200,PAOX,+
chr10,135340866,135352620,CYP2E1,+
chr11,278569,285388,NLRP6,+
chr11,289137,295688,PGGHG,+
chr11,369794,382117,B4GALNT4,+
chr11,561449,564025,RASSF7,+
chr11,767221,777502,PDDC1,-
chr11,867858,915058,CHID1,-
chr11,925808,1012245,AP2A2,+
chr11,1012823,1036706,MUC6,-
chr11,1244294,1283406,MUC5B,+
chr11,1411128,1483919,BRSK2,+
chr11,1490677,1508009,MOB2,-
chr11,1575280,1593150,DUSP8,-
chr11,2397406,2418649,CD81,+
chr11,2425744,2444275,TRPM5,-
chr11,2466220,2870340,KCNQ1,+
chr11,2920950,2946476,SLC22A18,+
chr11,3108345,3186582,OSBPL5,-
chr11,6226797,6232365,C11orf42,+
chr11,6416353,6440341,APBB1,-
chr11,8060179,8127654,TUB,+
chr11,8714898,8832882,ST5,-
chr11,8959118,8964580,ASCL3,-
chr11,9800213,10315754,SBF2,-
chr11,12695968,12966284,TEAD1,+
chr11,14299465,14386052,RRAS2,-
chr11,17406794,17410878,KCNJ11,-
chr11,17414431,17498392,ABCC8,-
chr11,17741109,17743678,MYOD1,+
chr11,17757494,17804602,KCNC1,+
chr11,18266774,18270221,SAA2,-
chr11,18287771,18291524,SAA1,+
chr11,18477373,18501147,LDHAL6A,+
chr11,18725851,18747777,IGSF22,-
chr11,32623625,32816204,CCDC73,-
chr11,44117746,44266980,EXT2,+
chr11,44953898,44972857,TP53I11,-
chr11,45943171,45950647,LARGE2,+
chr11,46354454,46402104,DGKZ,+
chr11,46740715,46761058,F2,+
chr11,46878267,46940173,LRP4,-
chr11,47376408,47400127,SPI1,-
chr11,47611215,47615961,C1QTNF4,-
chr11,48002109,48154268,PTPRJ,+
chr11,60635014,60643164,ZP1,+
chr11,60704554,60719257,SLC15A3,-
chr11,60861434,60895324,CD5,+
chr11,60970984,60980341,PGA3,+
chr11,60989820,60999167,PGA4,+
chr11,61447904,61514474,DAGLA,+
chr11,61520108,61555990,MYRF,+
chr11,61640994,61659017,FADS3,-
chr11,61664767,61687741,RAB3IL1,-
chr11,62063753,62066536,SCGB1D4,-
chr11,62201013,62314332,AHNAK,-
chr11,63527363,63536113,C11orf95,-
chr11,63655986,63678492,MARK2,+
chr11,64002055,64006736,VEGFB,+
chr11,64059481,64067503,KCNK4,+
chr11,64072999,64084215,ESRRA,+
chr11,64107689,64125006,CCDC88B,+
chr11,64323072,64340347,SLC22A11,+
chr11,64494382,64512329,RASGRP2,-
chr11,64591660,64612041,CDC42BPG,-
chr11,64755416,64757749,BATF2,-
chr11,64812294,64826009,NAALADL1,-
chr11,65306029,65325699,LTBP3,-
chr11,65601409,65621172,SNX32,+
chr11,65633911,65640405,EFEMP2,-
chr11,65659606,65667997,FOSL1,-
chr11,65713114,65727434,TSGA10IP,+
chr11,65837823,66012218,PACS1,+
chr11,66059372,66064135,TMEM151A,+
chr11,66081957,66084515,CD248,-
chr11,66188474,66194177,NPAS4,+
chr11,66233797,66244808,PELI3,+
chr11,66314311,66330800,ACTN3,+
chr11,66615996,66675340,PC,-
chr11,66790815,66818334,SYT12,+
chr11,67033904,67054029,GRK2,+
chr11,67056761,67069955,ANKRD13D,+
chr11,67131638,67141206,CLCF1,-
chr11,67183148,67193078,CARNS1,+
chr11,67219885,67229245,CABP4,+
chr11,67250986,67258579,AIP,+
chr11,67398773,67407031,TBX10,-
chr11,67758570,67771595,UNC93B1,-
chr11,67776016,67796749,ALDH3B1,+
chr11,67820325,67888858,CHKA,-
chr11,67922329,67980812,KMT5B,-
chr11,68080076,68216743,LRP5,+
chr11,68451942,68458643,GAL,+
chr11,68503599,68518988,TESMIN,-
chr11,68522087,68609399,CPT1A,-
chr11,73019662,73080425,ARHGEF17,+
chr11,73357222,73373864,PLEKHB1,+
chr11,73386682,73471138,RAB6A,-
chr11,73661363,73681332,DNAJB13,+
chr11,74407472,74430348,CHRDL2,-
chr11,74971165,75062875,ARRB1,-
chr11,75133437,75141674,KLHL35,-
chr11,75897369,75917574,WNT11,-
chr11,76493356,76509198,TSKU,+
chr11,86502100,86522275,PRSS23,+
chr11,101983170,102104154,YAP1,+
chr11,108376157,108422932,EXPH5,-
chr11,109964086,110042566,ZC3H12C,+
chr11,112118875,112131583,PLET1,-
chr11,116660085,116663136,APOA5,-
chr11,116706466,116708666,APOA1,-
chr11,116714117,116969131,SIK3,-
chr11,117075786,117103241,PCSK7,-
chr11,117103340,117156404,RNF214,+
chr11,117192493,117283982,CEP164,+
chr11,118307204,118397539,KMT2A,+
chr11,118528941,118550381,TREH,-
chr11,118842416,118851995,FOXR1,+
chr11,119019749,119033375,ABCG4,+
chr11,119209643,119217383,C1QTNF5,-
chr11,119209643,119217383,MFRP,-
chr11,119225924,119234892,USP2,-
chr11,119508807,119599435,NECTIN1,-
chr11,120256002,120360645,ARHGEF12,+
chr11,122753235,122776600,C11orf63,+
chr11,123430969,123498479,GRAMD1B,+
chr11,124505684,124546199,SIAE,-
chr11,124735304,124751370,ROBO3,+
chr11,124754113,124767831,ROBO4,-
chr11,125753508,125770541,HYLS1,+
chr11,125826712,125933187,CDON,-
chr11,126225788,126284536,ST3GAL4,+
chr11,128834954,129062093,ARHGAP32,-
chr11,129685675,129729406,TMEM45B,+
chr11,129769600,129817517,PRDM10,-
chr11,129940462,130014706,APLP2,+
chr11,133778519,133826649,IGSF9B,-
chr11,134201767,134246218,GLB1L2,+
chr11,134248397,134281812,B3GAT1,-
chr12,673461,772907,NINJ2,-
chr12,3186520,3395730,TSPAN9,+
chr12,6419601,6437672,PLEKHG6,+
chr12,6554050,6560884,CD27,+
chr12,6802956,6810009,PIANP,-
chr12,6898637,6929976,CD4,+
chr12,7037479,7051484,ATN1,+
chr12,7060433,7070479,PTPN6,+
chr12,7282966,7311541,CLSTN3,+
chr12,8209439,8219067,C3AR1,-
chr12,8852380,8929787,RIMKLB,+
chr12,11081834,11087444,PRH2,+
chr12,11148560,11150903,TAS2R20,-
chr12,12224401,12252629,BCL2L14,+
chr12,13236470,13256630,GSG1,-
chr12,21679190,21685881,SPX,+
chr12,25357722,25403865,KRAS,-
chr12,26126687,26225807,RASSF8,+
chr12,27124502,27167339,TM7SF3,-
chr12,27485786,27578746,ARNTL2,+
chr12,29376555,29488549,FAR2,+
chr12,31079837,31149537,TSPAN11,+
chr12,31535156,31743952,DENND5B,-
chr12,42852139,42983572,PRICKLE1,-
chr12,48103516,48119355,ENDOU,-
chr12,48128452,48152244,RAPGEF3,-
chr12,48166966,48176536,SLC48A1,+
chr12,48176492,48213763,HDAC7,-
chr12,48516429,48540187,PFKM,+
chr12,49621708,49667121,TUBA1C,+
chr12,49932939,49952095,KCNH3,+
chr12,50017402,50038452,PRPF40B,+
chr12,50031723,50101197,FMNL3,-
chr12,50569562,50595316,LIMA1,-
chr12,51347781,51364289,HIGD1C,+
chr12,51580718,51611539,POU6F1,-
chr12,52306112,52317145,ACVRL1,+
chr12,52400728,52409673,GRASP,+
chr12,52431498,52453291,NR4A1,+
chr12,53551446,53558277,CSAD,-
chr12,53585101,53601091,ITGB7,-
chr12,53604349,53626040,RARG,-
chr12,53720358,53738577,SP7,-
chr12,53773978,53810230,SP1,+
chr12,53817638,53825456,AMHR2,+
chr12,54685890,54689563,NFE2,-
chr12,54762912,54785089,ZNF385A,-
chr12,56078351,56106089,ITGA7,-
chr12,56229213,56236767,MMP19,-
chr12,56414688,56432219,IKZF4,+
chr12,56754354,56756583,APOF,-
chr12,56915608,56989980,RBMS2,+
chr12,57157001,57181574,HSD17B6,+
chr12,57392616,57400297,ZBTB39,-
chr12,57610577,57620232,NXPH4,+
chr12,57853917,57866051,GLI1,+
chr12,57923832,57940642,DCTN2,-
chr12,58003962,58011028,ARHGEF25,+
chr12,58118075,58132029,AGAP2,-
chr12,58148880,58154193,43533,+
chr12,76745576,76816872,OSBPL8,-
chr12,80167342,80307691,PPP1R12A,-
chr12,89981825,90049844,ATP2B1,-
chr12,93130264,93165868,PLEKHG7,+
chr12,94542498,94701451,PLXNC1,+
chr12,95910335,95945266,USP44,-
chr12,96394530,96437298,LTA4H,-
chr12,102139274,102224645,GNPTAB,-
chr12,104609556,104744085,TXNRD1,+
chr12,105567074,105627183,APPL2,-
chr12,105724413,105765296,C12orf75,+
chr12,106631658,106641713,CKAP4,-
chr12,109038884,109125326,CORO1C,-
chr12,109176465,109251359,SSH1,-
chr12,109460893,109525831,USP30,+
chr12,109577201,109706031,ACACB,+
chr12,110152186,110208312,FAM222A,+
chr12,110220891,110271212,TRPV4,-
chr12,110478981,110505500,C12orf76,-
chr12,111086490,111127617,HVCN1,-
chr12,111843751,111889427,SH2B3,+
chr12,112597991,112819896,HECTD4,-
chr12,113587662,113597081,CFAP73,+
chr12,113830249,113841692,SDS,-
chr12,116396380,116714991,MED13L,-
chr12,118470491,118499016,WSB2,-
chr12,118587605,118628367,TAOK3,-
chr12,120427647,120532299,BICDL1,+
chr12,120648241,120703574,PXN,-
chr12,120759913,120765592,PLA2G1B,-
chr12,120779132,120806983,MSI1,-
chr12,121078421,121105127,CABP1,+
chr12,121416370,121440315,HNF1A,+
chr12,121675494,121736111,CAMKK2,-
chr12,122064454,122079946,ORAI1,+
chr12,122277432,122296769,HPD,-
chr12,122459791,122499950,BCL7A,+
chr12,122667666,122688018,LRRC43,+
chr12,122755980,122907116,CLIP1,-
chr12,123319984,123347507,HIP1R,+
chr12,123468026,123595036,PITPNM2,-
chr12,123745516,123756687,CDK2AP1,-
chr12,123955619,124018265,RILPL1,-
chr12,124420955,124457532,CCDC92,-
chr12,124808956,125052010,NCOR2,-
chr12,125478193,125510349,BRI3BP,+
chr12,131274144,131323819,STX2,-
chr12,132312937,132336316,MMP17,+
chr12,132434464,132565011,EP400,+
chr12,132680916,132690573,GALNT9,-
chr12,133067156,133161774,FBRSL1,+
chr12,133195365,133198972,P2RX2,+
chr12,133302252,133338474,ANKLE2,-
chr12,133613871,133639890,ZNF84,+
chr13,21946709,22033509,ZDHHC20,-
chr13,23902961,23949682,SACS,-
chr13,27131839,27263082,WASF3,+
chr13,27640286,27746033,USP12,-
chr13,30002776,30080084,MTUS2,+
chr13,30083550,30169825,SLC7A1,-
chr13,36875774,36944317,SPG20,-
chr13,37418967,37494409,SMAD9,-
chr13,41506054,41593508,ELF1,-
chr13,42712177,42817033,DGKH,+
chr13,45766987,45775175,KCTD4,-
chr13,46627321,46679211,CPB2,-
chr13,48985180,49001043,LPAR6,-
chr13,51915167,51936239,SERPINE3,+
chr13,52436083,52440372,CCDC70,+
chr13,53277398,53313947,CNMD,-
chr13,60348296,60587343,DIAPH3,-
chr13,70274724,70682625,KLHL1,-
chr13,73629113,73651680,KLF5,+
chr13,76334796,76434006,LMO7,+
chr13,76445173,76457948,LMO7DN,+
chr13,77522693,77532777,ACOD1,+
chr13,78109808,78219398,SCEL,+
chr13,78271988,78338377,SLAIN1,+
chr13,78469615,78549858,EDNRB,-
chr13,86366921,86373483,SLITRK6,-
chr13,95672082,95953700,ABCC4,-
chr13,96085852,96232010,CLDN10,+
chr13,98605928,98676550,IPO5,+
chr13,98794815,99102027,FARP1,+
chr13,99102452,99229405,STK24,-
chr13,101182417,101241046,GGACT,-
chr13,103338096,103346871,METTL21C,-
chr13,103459495,103528351,BIVM-ERCC5,+
chr13,111766965,111958081,ARHGEF7,+
chr13,113344642,113541482,ATP11A,+
chr13,113812967,113826698,PROZ,+
chr13,113951468,113977741,LAMP1,+
chr13,113978478,114018463,GRTP1,-
chr13,114110133,114145023,DCUN1D2,-
chr13,114239055,114295788,TFDP1,+
chr13,114303118,114312513,ATP4B,-
chr13,114523521,114567076,GAS6,-
chr14,19553364,19584942,POTEG,+
chr14,19983953,20020272,POTEM,-
chr14,21156931,21162345,ANG,+
chr14,21484921,21493935,NDRG2,-
chr14,21538418,21558407,ARHGEF40,+
chr14,21756135,21819460,RPGRIP1,+
chr14,21989230,22005350,SALL2,-
chr14,23242430,23289020,SLC7A7,-
chr14,23456109,23470246,C14orf93,-
chr14,23707126,23743494,RNF212B,+
chr14,23815519,23821660,SLC22A17,-
chr14,24037243,24048009,JPH4,-
chr14,24540555,24547309,CPNE6,+
chr14,24549315,24553832,NRL,-
chr14,24837225,24848810,NFATC4,+
chr14,24867991,24888494,NYNRIN,+
chr14,24974560,24977471,CMA1,-
chr14,32183774,32330430,NUBPL,+
chr14,35179587,35183023,CFL2,-
chr14,35514112,35552589,FAM177A1,+
chr14,37126772,37147012,PAX9,+
chr14,38058756,38064325,FOXA1,-
chr14,39703113,39820397,MIA2,+
chr14,45393512,45430335,KLHL28,-
chr14,50796308,50862642,CDKL1,-
chr14,51186480,51297839,NIN,-
chr14,51338877,51371688,ABHD12B,+
chr14,53106632,53162649,ERO1A,-
chr14,53323988,53417815,FERMT2,-
chr14,54416453,54421768,BMP4,-
chr14,55221505,55260033,SAMD4A,+
chr14,55595934,55612148,LGALS3,+
chr14,56585092,56768031,PELI2,+
chr14,59104756,59115039,DACT1,+
chr14,59730158,59838123,DAAM1,+
chr14,65213000,65289866,SPTB,-
chr14,65412531,65438921,RAB15,-
chr14,67936982,67982021,TMEM229B,-
chr14,70078309,70181861,SUSD6,+
chr14,70242551,70264006,SLC10A1,-
chr14,71189242,71275888,MAP3K9,-
chr14,73704204,73741348,PAPLN,+
chr14,74003927,74010498,ACOT1,+
chr14,75894919,75939404,JDP2,+
chr14,76071804,76114512,FLVCR2,+
chr14,77228234,77249363,VASH1,+
chr14,77801363,77840252,TMED8,-
chr14,77940736,77965210,ISM2,-
chr14,88932121,89021123,PTPN21,-
chr14,89081173,89259096,EML5,-
chr14,89622515,90085494,FOXN3,-
chr14,91006931,91282761,TTC7B,-
chr14,91580978,91691740,C14orf159,+
chr14,91698875,91720224,GPR68,-
chr14,91737666,91884188,CCDC88C,-
chr14,93389444,93401638,CHGA,+
chr14,93403258,93582264,ITPK1,-
chr14,96831072,96853627,GSKIP,+
chr14,99864082,99947226,SETD3,-
chr14,99977602,100070727,CCDC85C,-
chr14,100259744,100408397,EML1,+
chr14,100437811,100610573,EVL,+
chr14,100612752,100626012,DEGS2,-
chr14,100757447,100772884,SLC25A29,-
chr14,100789678,100796715,SLC25A47,+
chr14,101003483,101036131,BEGAIN,-
chr14,102228134,102394329,PPP2R5C,+
chr14,102973197,102976128,ANKRD9,-
chr14,103243815,103377837,TRAF3,+
chr14,103398715,103523742,CDC42BPB,-
chr14,104200087,104313927,PPP1R13B,-
chr14,104605059,104647235,KIF26A,+
chr14,105060416,105071097,TMEM179,-
chr14,105155942,105185947,INF2,+
chr14,105235685,105262080,AKT1,-
chr14,105267517,105271049,ZBTB42,+
chr14,105331649,105363107,CEP170B,+
chr14,105403590,105444694,AHNAK2,-
chr14,105475909,105487425,CDCA4,-
chr14,105607317,105635161,JAG2,-
chr14,105639273,105647660,NUDT14,-
chr14,105675622,105781914,BRF1,-
chr14,105780751,105864484,PACS2,+
chr14,105886185,105937062,MTA1,+
chr14,105941111,105946507,CRIP2,+
chr14,105992939,105996539,TMEM121,+
chr15,22955754,23003603,CYFIP1,+
chr15,25582395,25650653,UBE3A,-
chr15,28356182,28567298,HERC2,-
chr15,30375157,30388904,GOLGA8J,+
chr15,38780297,38857007,RASGRP1,-
chr15,40380090,40401085,BMF,-
chr15,40616256,40618916,INAFM2,+
chr15,40733349,40760441,BAHD1,+
chr15,41851219,41871536,TYRO3,+
chr15,42694587,42704515,CAPN3,+
chr15,42704634,42749765,ZNF106,-
chr15,43809805,43823818,MAP1A,+
chr15,43885054,43891604,CKMT1B,+
chr15,43891760,43910998,STRC,-
chr15,43984983,43991420,CKMT1A,+
chr15,45422191,45457776,DUOX1,+
chr15,45459411,45473405,SHF,-
chr15,48413168,48434589,SLC24A5,+
chr15,50792758,50838902,USP50,-
chr15,56382730,56535483,RFX7,-
chr15,60639349,60690185,ANXA2,-
chr15,60780482,60884707,RORA,-
chr15,64791618,64978267,ZNF609,+
chr15,65204100,65251042,ANKDD1A,+
chr15,65619464,65670378,IGDCC3,-
chr15,65673824,65715410,IGDCC4,-
chr15,66187633,66546075,MEGF11,-
chr15,66839805,66858317,LCTL,-
chr15,68594041,68724492,ITGA11,-
chr15,68933841,69020145,CORO2B,+
chr15,69606741,69699976,PAQR5,+
chr15,72406598,72433311,SENP8,+
chr15,72577067,72598656,CELF6,-
chr15,73344824,73597547,NEO1,+
chr15,73735498,73852354,REC114,+
chr15,74027771,74044711,C15orf59,-
chr15,74421714,74429143,ISLR2,+
chr15,74466904,74469212,ISLR,+
chr15,75041183,75048941,CYP1A2,+
chr15,75074424,75095539,CSK,+
chr15,75118950,75124136,CPLX3,+
chr15,75519093,75522031,LOC105376731,-
chr15,75550898,75565796,GOLGA6C,+
chr15,75966662,76005189,CSPG4,-
chr15,76352298,76497304,TMEM266,+
chr15,76640525,77154285,SCAPER,-
chr15,77287020,77329816,PSTPIP1,+
chr15,77905365,78112674,LINGO1,-
chr15,78384926,78396393,SH2D7,+
chr15,78463186,78527049,ACSBG1,-
chr15,78556486,78574538,DNAJA4,+
chr15,78885393,78913637,CHRNA3,-
chr15,78916635,78933587,CHRNB4,-
chr15,79051544,79103805,ADAMTS7,-
chr15,80352501,80430735,ZFAND6,+
chr15,80987651,81047962,ABHD17C,+
chr15,81589253,81605104,IL16,+
chr15,81624759,81666418,TMC3,-
chr15,82722184,82731587,GOLGA6L9,+
chr15,83211950,83316767,CPEB1,-
chr15,83517728,83621476,HOMER2,-
chr15,83776237,83806111,TM6SF1,+
chr15,83924654,83953468,BNC1,-
chr15,84159365,84287495,SH3GL3,+
chr15,84904524,84914120,GOLGA6L4,+
chr15,85291817,85349663,ZNF592,+
chr15,85525204,85682373,PDE8A,+
chr15,85783640,85790418,GOLGA6L3,+
chr15,86163180,86292589,AKAP13,+
chr15,91414768,91426688,FURIN,+
chr15,93586635,93632443,RGMA,-
chr15,98503932,98517068,ARRDC4,+
chr15,99191767,99507759,IGF1R,+
chr15,99511458,99551024,PGPEP1L,-
chr15,101419896,101456831,ALDH1A3,+
chr15,101844132,102030187,PCSK6,-
chr16,127017,135850,MPG,+
chr16,318299,325943,RGS11,-
chr16,330605,333003,ARHGDIG,+
chr16,337439,402676,AXIN1,-
chr16,420775,431950,TMEM8A,-
chr16,447191,450754,NME4,+
chr16,577855,604636,CAPN15,+
chr16,610421,615529,PRR35,+
chr16,619967,634136,PIGQ,+
chr16,742499,755825,FBXL16,-
chr16,765172,769655,METRN,+
chr16,834973,838383,RPUSD1,-
chr16,1031807,1036979,SOX8,+
chr16,1203240,1271772,CACNA1H,+
chr16,1359153,1377019,UBE2I,+
chr16,1384504,1399442,BAIAP3,+
chr16,1401899,1413352,GNPTG,+
chr16,1413205,1464721,UNKL,-
chr16,1535939,1538468,PTX4,-
chr16,1664640,1727909,CRAMP1,+
chr16,1994579,2004679,RPL3L,-
chr16,2039945,2044276,SYNGR3,+
chr16,2076868,2089027,SLC9A3R2,+
chr16,2227183,2246465,CASKIN1,-
chr16,2325878,2390747,ABCA3,-
chr16,2525146,2555734,TBC1D24,+
chr16,2587964,2653191,PDPK1,+
chr16,2833953,2836708,PRSS33,-
chr16,3077867,3085542,BICDL2,-
chr16,3589032,3627405,NLRC3,-
chr16,3775054,3930121,CREBBP,-
chr16,4012649,4166186,ADCY9,-
chr16,4606490,4650318,C16orf96,+
chr16,4897631,4932402,UBN1,+
chr16,4932507,4987136,PPL,-
chr16,8985950,9057341,USP7,-
chr16,11641577,11680806,LITAF,-
chr16,11762288,11773015,SNN,+
chr16,14766404,14788430,PLA2G10,-
chr16,14805545,14820195,NPIPA3,+
chr16,14844669,14859305,NPIPA2,+
chr16,15796991,15950887,MYH11,-
chr16,16043433,16236931,ABCC1,+
chr16,16473101,16487829,NPIPA7,+
chr16,19870292,19896956,GPRC5B,-
chr16,21608541,21668794,METTL9,+
chr16,21652604,21663987,IGSF6,-
chr16,23072727,23160591,USP31,-
chr16,28109296,28223239,XPO6,-
chr16,28303839,28335170,SBK1,+
chr16,28616907,28634907,SULT1A1,-
chr16,28699878,28747051,EIF3C,+
chr16,29841835,29859360,MVP,+
chr16,29912146,29917377,ASPHD1,+
chr16,30368421,30381522,TBC1D10B,-
chr16,30670839,30682131,FBRS,+
chr16,31000576,31021959,STX1B,-
chr16,31150246,31161415,PRSS36,-
chr16,31494438,31502091,SLC5A2,+
chr16,46736193,46797158,MYLK3,-
chr16,47115430,47177936,NETO2,-
chr16,48394453,48419229,SIAH1,-
chr16,50300450,50344440,ADCY7,+
chr16,50352928,50402845,BRD7,-
chr16,53189837,53361414,CHD9,+
chr16,54952774,54962690,CRNDE,-
chr16,56395363,56459450,AMFR,-
chr16,56815703,56878862,NUP93,+
chr16,57126454,57181878,CPNE2,+
chr16,57290008,57318584,PLLP,-
chr16,57505869,57520385,DOK4,-
chr16,57792128,57836936,KIFC3,-
chr16,58010338,58022020,TEPP,+
chr16,58191810,58231782,CSNK2A2,-
chr16,58313900,58328951,PRSS54,-
chr16,58497548,58547523,NDRG4,+
chr16,66638566,66647795,CMTM3,+
chr16,66648652,66730610,CMTM4,-
chr16,66754795,66785731,DYNC1LI2,-
chr16,66878281,66888050,CA7,+
chr16,66955581,66959439,RRAD,-
chr16,67197287,67203848,HSF4,+
chr16,67218281,67224107,EXOC3L1,-
chr16,67312059,67323403,PLEKHG4,+
chr16,67465035,67471456,HSD11B2,+
chr16,67562716,67580691,FAM65A,+
chr16,67679029,67691472,CARMIL2,+
chr16,67977376,68002597,SLC12A4,-
chr16,69958885,69975644,WWP2,+
chr16,70328699,70367735,DDX19B,+
chr16,70413337,70472991,ST3GAL2,-
chr16,70695106,70719954,MTSS1L,-
chr16,71507975,71523254,ZNF19,-
chr16,71660055,71675868,MARVELD3,+
chr16,71893582,71917444,ZNF821,-
chr16,71963440,72033877,PKD1L3,-
chr16,72097124,72111145,HPR,+
chr16,72816783,73092534,ZFHX3,-
chr16,74411849,74426013,NPIPB15,+
chr16,74442528,74455368,CLEC18B,-
chr16,74705752,74735046,MLKL,-
chr16,75032914,75144892,ZNRF1,+
chr16,75237993,75241072,CTRB2,-
chr16,75262927,75301951,BCAR1,-
chr16,81069457,81080951,ATMIN,+
chr16,81478774,81745367,CMIP,+
chr16,83932729,83949787,MLYCD,+
chr16,84155743,84178800,HSDL1,-
chr16,84192644,84211526,DNAAF1,+
chr16,84440193,84497793,ATP2C2,+
chr16,84682116,84701292,KLHL36,+
chr16,85645028,85709812,GSE1,+
chr16,85741122,85784689,C16orf74,-
chr16,87636492,87731762,JPH3,+
chr16,88003623,88110924,BANP,+
chr16,88520013,88601574,ZFPM1,+
chr16,88762902,88772829,RNF166,-
chr16,88772870,88781794,CTU2,+
chr16,88781745,88851628,PIEZO1,-
chr16,89642175,89663654,CPNE7,+
chr16,89679715,89704839,DPEP1,+
chr16,89894906,89937727,SPIRE2,+
chr16,90015827,90034468,DEF8,+
chr16,90071272,90085963,DBNDD1,-
chr16,90086036,90111379,GAS8,+
chr17,62179,202633,RPH3AL,-
chr17,180995,183279,LOC100506388,+
chr17,289768,295731,RFLNB,-
chr17,635785,646208,FAM57A,+
chr17,702552,882998,NXN,-
chr17,906757,1132974,ABR,-
chr17,1182956,1204281,TUSC5,+
chr17,1472547,1508328,SLC43A2,-
chr17,1646129,1658559,SERPINF2,+
chr17,1963132,2140141,SMG6,-
chr17,2592679,2614927,CLUH,-
chr17,2680214,2941035,RAP1GAP2,+
chr17,3413795,3461289,TRPV3,-
chr17,3799884,3819960,P2RX1,-
chr17,3827162,3867758,ATP2A3,-
chr17,4402137,4442332,SPNS2,+
chr17,4460221,4463891,GGT6,-
chr17,4534213,4544960,ALOX15,-
chr17,4675186,4686506,TM4SF5,+
chr17,4710395,4726727,PLD2,+
chr17,4935896,4938727,SLC52A1,-
chr17,5009028,5026337,ZNF232,-
chr17,5019732,5078327,USP6,+
chr17,5112214,5138155,SCIMP,-
chr17,5973933,6027747,WSCD1,+
chr17,6354582,6459877,PITPNM3,-
chr17,6926368,6932961,BCL6B,+
chr17,7004640,7018130,ASGR2,-
chr17,7076749,7082883,ASGR1,-
chr17,7191570,7197876,YBX2,-
chr17,7311501,7323183,NLGN2,+
chr17,7362684,7382944,ZBTB4,-
chr17,7452374,7464925,TNFSF12-TNFSF13,+
chr17,7452374,7461207,TNFSF12,+
chr17,7549944,7561089,ATP1B2,+
chr17,7759998,7788706,NAA38,-
chr17,7788122,7816075,CHD3,+
chr17,7905987,7923658,GUCY2D,+
chr17,7975953,7991021,ALOX12B,-
chr17,8213555,8225834,ARHGEF15,+
chr17,8924858,9147317,NTN1,+
chr17,9548853,9633004,USP43,+
chr17,12692828,12894961,ARHGAP44,+
chr17,15138535,15168690,PMP22,-
chr17,16318855,16340317,TRPV2,+
chr17,16345318,16395505,LRRC75A,-
chr17,16946073,17095962,MPRIP,+
chr17,17584786,17714767,RAI1,+
chr17,18380098,18398259,LGALS9C,+
chr17,18538841,18547740,TBC1D28,-
chr17,18853988,18924004,SLC5A10,+
chr17,18923968,18950365,GRAP,-
chr17,19030781,19062148,GRAPL,+
chr17,19581627,19620043,SLC47A2,-
chr17,19641296,19651746,ALDH3A1,-
chr17,19674142,19771239,ULK2,-
chr17,19990334,20218072,SPECC1,+
chr17,21142182,21156578,NATD1,-
chr17,25799035,25950718,KSR1,+
chr17,27281922,27333458,SEZ6,-
chr17,27400527,27507407,MYO18A,-
chr17,27887678,27894042,ABHD15,-
chr17,27900486,27916610,GIT1,-
chr17,27920526,27941779,ANKRD13B,+
chr17,28521336,28562986,SLC6A4,-
chr17,28707495,28796675,CPD,+
chr17,29248753,29286211,ADAP2,+
chr17,29621667,29624380,OMG,-
chr17,29643427,29648767,EVI2A,-
chr17,29718641,29865236,RAB11FIP4,+
chr17,30178883,30186093,COPRS,-
chr17,30334890,30380519,LRRC37B,+
chr17,30593194,30651680,RHBDL3,+
chr17,30814104,30818271,CDK5R1,+
chr17,31254927,31268667,TMEM98,+
chr17,34181949,34195895,HEATR9,-
chr17,34245083,34257303,RDM1,-
chr17,34493060,34503984,TBC1D3B,-
chr17,34581084,34592022,TBC1D3C,-
chr17,34797171,34808046,TBC1D3G,-
chr17,35732927,35749662,C17orf78,+
chr17,36481492,36499693,GPR179,-
chr17,36508006,36561846,SOCS7,+
chr17,36686258,36762183,SRCIN1,-
chr17,36861872,36886056,MLLT6,+
chr17,37219555,37307902,PLXDC1,-
chr17,37313146,37322414,ARL5C,-
chr17,37783176,37792878,PPP1R1B,+
chr17,38218445,38250120,THRA,+
chr17,38278789,38293042,MSL1,+
chr17,38974368,38978863,KRT10,-
chr17,39615764,39623638,KRT32,-
chr17,39632940,39637392,KRT35,-
chr17,39642387,39646116,KRT36,-
chr17,39657232,39661865,KRT13,-
chr17,39738530,39743147,KRT14,-
chr17,39766029,39769079,KRT16,-
chr17,40308909,40333296,KCNH4,-
chr17,40351194,40428424,STAT5B,-
chr17,40439564,40463961,STAT5A,+
chr17,40831419,40833845,CCR10,-
chr17,41605210,41623800,ETV4,-
chr17,41857802,41862054,C17orf105,+
chr17,41952726,41987079,MPP2,-
chr17,42282400,42297041,UBTF,-
chr17,42431100,42441235,FAM171A2,-
chr17,42836546,42859214,ADAM11,+
chr17,42982993,42992920,GFAP,-
chr17,43037060,43045644,C1QL1,-
chr17,43299291,43324685,FMNL1,+
chr17,43340485,43394430,MAP3K14,-
chr17,43699273,43913194,CRHR1-IT1-CRHR1,+
chr17,44839871,44896126,WNT3,-
chr17,44928951,44957926,WNT9B,+
chr17,45600322,45700642,NPEPPS,+
chr17,45922279,45933240,SP6,-
chr17,47287588,47300587,ABI3,+
chr17,47366567,47439476,ZNF652,-
chr17,47572654,47592382,NGFR,+
chr17,47653297,47661172,NXPH3,+
chr17,48188672,48207246,SAMD14,-
chr17,48243345,48253293,SGCA,+
chr17,48261456,48279000,COL1A1,-
chr17,48585744,48608862,MYCBPAP,+
chr17,48638428,48704835,CACNA1G,+
chr17,48712217,48769063,ABCC3,+
chr17,54869273,54911256,C17orf67,-
chr17,55938603,56032684,CUEDC1,-
chr17,56270084,56282535,EPX,+
chr17,56429860,56480082,RNF43,-
chr17,56597610,56618179,43712,-
chr17,56618947,56621733,C17orf47,-
chr17,59533848,59562471,TBX4,+
chr17,61086897,61505067,TANC2,+
chr17,61509664,61523722,CYB561,-
chr17,61554421,61575741,ACE,+
chr17,61600694,61626338,KCNH6,+
chr17,61773248,61777519,LIMD2,-
chr17,62006095,62009714,CD79B,-
chr17,62015913,62050278,SCN4A,-
chr17,62224792,62308116,TEX2,-
chr17,62396774,62404856,PECAM1,-
chr17,62461566,62464760,MILR1,+
chr17,64298925,64806862,PRKCA,+
chr17,65040651,65052913,CACNG1,+
chr17,66263166,66287405,SLC16A6,-
chr17,66287635,66417000,ARSG,+
chr17,66531256,66597095,FAM20A,-
chr17,67240575,67311774,ABCA5,-
chr17,71244587,71258019,CPSF4L,-
chr17,72363644,72368739,GPR142,+
chr17,72537203,72542310,CD300C,-
chr17,73472578,73496533,TMEM94,+
chr17,73512608,73520820,TSEN54,+
chr17,73521782,73571290,LLGL2,+
chr17,73584138,73622929,MYO15B,+
chr17,73717407,73753899,ITGB4,+
chr17,73870244,73874656,TRIM47,-
chr17,74138533,74236392,RNF157,-
chr17,74449432,74466199,AANAT,+
chr17,74523429,74533987,CYGB,-
chr17,74620837,74639920,ST6GALNAC1,-
chr17,74864797,74946471,MGAT5B,+
chr17,75181294,75213183,SEC14L1,+
chr17,75277491,75496678,43717,+
chr17,76108998,76128508,TMC6,-
chr17,76126858,76139049,TMC8,+
chr17,76142433,76162364,C17orf99,+
chr17,76227390,76237068,TMEM235,+
chr17,76352857,76356160,SOCS3,-
chr17,76419777,76573476,DNAH17,-
chr17,77019015,77045870,C1QTNF1,+
chr17,77071018,77084685,ENGASE,+
chr17,77704864,77716021,ENPP7,+
chr17,77751976,77761449,CBX2,+
chr17,78152306,78183130,CARD14,+
chr17,78234659,78372586,RNF213,+
chr17,78440632,78450404,NPTX1,-
chr17,78965640,78973933,CHMP6,+
chr17,79091094,79105748,AATK,-
chr17,79285069,79304474,TMEM105,-
chr17,79373520,79433358,BAHCC1,+
chr17,79762007,79771889,GCGR,+
chr17,79860776,79869115,PCYT2,-
chr17,79876144,79885587,MAFG,-
chr17,79897520,79905109,MYADML2,-
chr17,79910382,79919057,NOTUM,-
chr17,80005777,80009650,RFNG,-
chr17,80009740,80015937,GPS1,+
chr17,80186281,80197375,SLC16A3,+
chr17,80278899,80291921,SECTM1,-
chr17,80376229,80400521,HEXDC,+
chr17,80477593,80562483,FOXK2,+
chr17,80614942,80656598,RAB40B,-
chr17,81037566,81052871,METRNL,+
chr17_ctg5_hap1,596065,760700,KANSL1,+
chr18,5289017,5296194,ZBTB14,-
chr18,8609442,8639380,RAB12,+
chr18,9137560,9285983,ANKRD12,+
chr18,9546788,9614605,PPP4R1,-
chr18,11981426,12030885,IMPA2,+
chr18,12307667,12326615,TUBB6,+
chr18,12328942,12377275,AFG3L2,-
chr18,12446510,12657912,SPIRE1,-
chr18,18822202,19102791,GREB1L,+
chr18,20715726,20840434,CABLES1,+
chr18,21572736,21715574,TTC39C,+
chr18,21742008,21891470,OSBPL1A,-
chr18,24034873,24220308,KCTD1,-
chr18,25530926,25616549,CDH2,-
chr18,28709198,28742819,DSC1,-
chr18,28898051,28939209,DSG1,+
chr18,29171729,29178987,TTR,+
chr18,29843483,30050447,GAREM1,-
chr18,30517365,31020045,CCDC178,-
chr18,31431063,31628576,NOL4,-
chr18,32173281,32471808,DTNA,+
chr18,44416208,44500130,PIAS2,-
chr18,45359465,45457517,SMAD2,-
chr18,55102916,55158530,ONECUT2,+
chr18,60190657,60245818,ZCCHC2,+
chr18,72166822,72190689,CNDP2,+
chr18,72907062,72917468,ZADH2,-
chr18,72923483,73001905,TSHZ1,+
chr18,74534562,74682683,ZNF236,+
chr18,74690788,74729055,MBP,-
chr18,77155771,77289323,NFATC1,+
chr18,77441429,77514510,CTDP1,+
chr18,77623667,77659816,KCNG2,+
chr18,77662419,77711653,PQLC1,-
chr18,77915114,78005397,PARD6G,-
chr19,305574,344841,MIER2,-
chr19,416582,460996,SHC2,-
chr19,496489,505343,MADCAM1,+
chr19,531732,542087,CDC34,+
chr19,589892,617159,HCN2,+
chr19,639894,643703,FGF22,+
chr19,647525,663233,RNF126,-
chr19,685520,695461,PRSS57,-
chr19,708952,748330,PALM,+
chr19,812487,821952,PLPPR3,-
chr19,896502,913225,R3HDM4,-
chr19,917341,921015,KISS1R,+
chr19,926036,972816,ARID3A,+
chr19,1000417,1009731,GRIN3B,+
chr19,1071219,1087830,ARHGAP45,+
chr19,1205797,1228434,STK11,+
chr19,1229946,1237990,CBARP,-
chr19,1286152,1301430,EFNA2,+
chr19,1407567,1435686,DAZAP1,+
chr19,1524072,1535455,PLK5,+
chr19,1554667,1568057,MEX3D,-
chr19,1609288,1652328,TCF3,-
chr19,1852397,1863564,KLF16,-
chr19,1941160,1981337,CSNK1G2,+
chr19,1985446,2015702,BTBD2,-
chr19,2164147,2232577,DOT1L,+
chr19,2289773,2308156,LINGO3,-
chr19,2389768,2426256,TMPRSS9,+
chr19,2511217,2702746,GNG7,-
chr19,2714564,2721390,DIRAS1,-
chr19,2997635,3029612,TLE2,-
chr19,3052907,3062964,AES,-
chr19,3094407,3124000,GNA11,+
chr19,3359560,3469215,NFIC,+
chr19,3506294,3536755,FZR1,+
chr19,3585568,3593539,GIPC3,+
chr19,3630178,3700477,PIP5K1C,-
chr19,3708334,3750811,TJP3,+
chr19,3777966,3801810,MATK,-
chr19,3880617,3928080,ATCAY,+
chr19,4043301,4065527,ZBTB7A,-
chr19,4278597,4290720,SHD,+
chr19,4304590,4323843,FSD1,+
chr19,4472192,4502232,HDGFRP2,+
chr19,4537226,4540036,LRG1,-
chr19,4542599,4559771,SEMA6B,-
chr19,4640028,4655580,TNFAIP8L1,+
chr19,4815935,4831754,TICAM1,-
chr19,4903091,4962165,UHRF1,+
chr19,5205518,5340814,PTPRS,-
chr19,5830636,5839742,FUT6,-
chr19,5865836,5870551,FUT5,-
chr19,6135643,6193114,ACSBG2,+
chr19,6210391,6279959,MLLT1,-
chr19,6494329,6502859,TUBB4A,-
chr19,6739692,6751537,TRIP10,+
chr19,7112265,7294313,INSR,-
chr19,7581003,7585911,ZNF358,+
chr19,7660787,7683196,CAMSAP3,+
chr19,7741942,7744719,MCEMP1,+
chr19,7753642,7767032,FCER2,-
chr19,7895160,7929862,EVI5L,+
chr19,7933604,7939326,PRR36,-
chr19,8274216,8327305,CERS4,+
chr19,8585673,8642331,MYO1F,-
chr19,8645123,8675620,ADAMTS10,-
chr19,9486991,9493293,ZNF177,+
chr19,9964393,10047228,OLFM2,-
chr19,10444451,10450510,ICAM3,-
chr19,10531332,10580307,PDE4A,+
chr19,10623417,10628668,S1PR5,-
chr19,10683346,10697991,AP1M2,-
chr19,10959105,10980360,C19orf38,+
chr19,10982252,11033448,CARM1,+
chr19,11071807,11172958,SMARCA4,+
chr19,11274942,11306496,KANK2,-
chr19,11309968,11373168,DOCK6,-
chr19,11406814,11437672,TSPAN16,+
chr19,11531271,11545980,CCDC151,-
chr19,12863406,12869272,BEST2,+
chr19,12936290,12946242,RTBDN,-
chr19,12949258,12985766,MAST1,+
chr19,12995235,12998017,KLF1,-
chr19,13106583,13209610,NFIX,+
chr19,13229101,13251961,NACC1,+
chr19,13906273,13943044,ZSWIM4,+
chr19,14041999,14064204,PODNL1,-
chr19,14198651,14201387,SAMD1,-
chr19,14258548,14316997,ADGRL1,-
chr19,14491955,14519537,ADGRE5,+
chr19,14544165,14582679,PKN1,+
chr19,15270443,15311792,NOTCH3,-
chr19,15532317,15560762,WIZ,-
chr19,16178316,16213813,TPM4,+
chr19,17342693,17356151,NR2F6,-
chr19,17513747,17516457,BST2,-
chr19,17546317,17559376,TMEM221,-
chr19,17638046,17664648,FAM129C,+
chr19,17830964,17845324,MAP1S,+
chr19,17858526,17899377,FCHO1,+
chr19,18111940,18124911,ARRDC2,+
chr19,18208602,18262499,MAST3,+
chr19,18318770,18359010,PDE4C,-
chr19,18530145,18545372,SSBP4,+
chr19,18642561,18654406,FKBP8,-
chr19,18704034,18717660,CRLF1,-
chr19,18755447,18781309,KLHL26,+
chr19,18979354,19006953,GDF1,-
chr19,18979354,19006953,CERS1,-
chr19,19040009,19052041,HOMER3,-
chr19,30156326,30166384,PLEKHF1,+
chr19,30189792,30205963,C19orf12,-
chr19,30302900,30315224,CCNE1,+
chr19,30414550,30507519,URI1,+
chr19,30863299,31048966,ZNF536,+
chr19,31765850,31840431,TSHZ3,-
chr19,33469497,33555824,RHPN2,-
chr19,33685598,33699773,LRP3,+
chr19,34972879,34992085,WTIP,+
chr19,35485687,35517375,GRAMD1A,+
chr19,35521591,35528624,SCN1B,+
chr19,35645624,35660788,FXYD5,+
chr19,35759880,35770724,USF2,+
chr19,35988118,36004560,DMKN,-
chr19,36041094,36054560,ATP4A,-
chr19,36208920,36229781,KMT2B,+
chr19,36359346,36370699,APLP1,+
chr19,36428021,36436097,LRFN3,+
chr19,37342552,37370477,ZNF345,+
chr19,37717365,37734826,ZNF383,+
chr19,38042272,38105080,ZNF540,+
chr19,38701645,38720354,DPF1,-
chr19,38741876,38747231,PPP1R14A,-
chr19,38899697,38916945,RASGRP4,-
chr19,39220831,39235114,CAPN12,-
chr19,39261607,39264157,LGALS7,-
chr19,39833098,39875542,SAMD4B,+
chr19,39903749,39919055,PLEKHG2,+
chr19,39989556,39999121,DLL3,+
chr19,40885177,40896128,HIPK4,-
chr19,40899670,40919271,PRX,-
chr19,40973125,41082365,SPTBN4,+
chr19,41107276,41135725,LTBP4,+
chr19,41281081,41283398,MIA,+
chr19,41305047,41314346,EGLN2,+
chr19,41349442,41356352,CYP2A6,-
chr19,42387266,42411604,ARHGEF1,+
chr19,42470733,42498428,ATP1A3,-
chr19,42572628,42585719,ZNF574,+
chr19,42817476,42829214,TMEM145,+
chr19,42891170,42894444,CNFN,-
chr19,42932689,42947200,CXCL17,-
chr19,43011457,43032661,CEACAM1,-
chr19,43568361,43586893,PSG2,-
chr19,43671894,43690688,PSG5,-
chr19,43964945,43969831,LYPD3,-
chr19,44126521,44143991,CADM4,-
chr19,45116939,45140081,IGSF23,+
chr19,45251977,45263301,BCL3,+
chr19,45504706,45541456,RELB,+
chr19,45809670,45826235,CKM,-
chr19,46001730,46005768,PPM1N,+
chr19,46112657,46148775,EML2,-
chr19,46213886,46236429,FBXO46,-
chr19,46286263,46296060,DMWD,-
chr19,46436991,46476657,NOVA2,-
chr19,47150820,47157914,DACT3,-
chr19,47177572,47217577,PRKD2,-
chr19,47222767,47249720,STRN4,-
chr19,47249302,47261832,FKRP,+
chr19,47523100,47549033,NPAS1,+
chr19,47724078,47736023,BBC3,-
chr19,47813103,47825327,C5AR1,+
chr19,47906374,47925490,MEIS3,-
chr19,48773355,48790865,ZNF114,+
chr19,48799708,48823332,CCDC114,-
chr19,49164663,49176338,NTN5,-
chr19,49251267,49256917,FUT1,-
chr19,49570674,49576198,KCNA7,-
chr19,49622645,49654287,PPFIA3,+
chr19,50015535,50029685,FCGRT,+
chr19,50243010,50266515,TSKS,-
chr19,50392910,50400147,IL4I1,-
chr19,51020148,51071302,LRRC4B,-
chr19,51125233,51141302,SYT3,-
chr19,51226604,51228981,CLEC11A,+
chr19,51409607,51413994,KLK4,-
chr19,51580751,51587467,KLK14,-
chr19,52192686,52208443,SPACA6,+
chr19,53206065,53233135,ZNF611,-
chr19,53517343,53519833,ERVV-1,+
chr19,54466289,54493469,CACNG8,+
chr19,54926604,54947899,TTYH1,+
chr19,54976208,54984437,CDC42EP5,-
chr19,55587220,55599291,EPS8L1,+
chr19,55644065,55660722,TNNT1,-
chr19,55670028,55678090,DNAAF3,-
chr19,55684468,55691720,SYT5,-
chr19,55795533,55823930,BRSK1,+
chr19,55824168,55836708,TMEM150B,-
chr19,55861069,55866182,COX6B2,-
chr19,55890611,55895627,TMEM238,-
chr19,56219797,56249768,NLRP9,-
chr19,56732671,56879752,ZSCAN5A,-
chr19,58082933,58090243,ZNF416,-
chr19,58595208,58629793,ZSCAN18,-
chr19,58740046,58788861,ZNF544,+
chr19,59024896,59054085,ZBTB45,-
chr2,218135,264097,SH3YL1,-
chr2,279560,288308,FAM150B,-
chr2,1635658,1748319,PXDN,-
chr2,3642421,3692234,COLEC11,+
chr2,8992819,9143879,MBOAT2,-
chr2,9346893,9545812,ASAP2,+
chr2,10091791,10142412,GRHL1,+
chr2,10183681,10194963,KLF11,+
chr2,10470288,10567743,HPCAL1,+
chr2,10861774,10925236,ATP6V1C2,+
chr2,10923516,10978103,PDIA6,-
chr2,11319884,11484711,ROCK2,-
chr2,11682850,11732272,GREB1,+
chr2,11864459,11967535,LPIN1,+
chr2,20866423,20879003,GDF7,+
chr2,23608297,23931483,KLHL29,+
chr2,24807345,24993571,NCOA1,+
chr2,25042037,25142886,ADCY3,-
chr2,25455829,25564784,DNMT3A,-
chr2,25600111,25875529,DTNB,-
chr2,26395959,26412532,GAREM2,+
chr2,27193238,27250087,MAPRE3,+
chr2,27301434,27309271,EMILIN1,+
chr2,27322220,27341995,CGREF1,-
chr2,27505296,27530307,TRIM54,+
chr2,27714749,27718126,FNDC4,-
chr2,27799388,27805589,C2orf16,+
chr2,28111575,28561768,BRE,+
chr2,29320541,29397581,CLIP4,+
chr2,32449517,32490812,NLRC4,-
chr2,38521098,38605726,ATL2,-
chr2,42275160,42285668,PKDCC,+
chr2,42795656,42984087,MTA3,+
chr2,42994228,43019751,HAAO,-
chr2,44039610,44065958,ABCG5,-
chr2,44502596,44547963,SLC3A1,+
chr2,46769866,46811827,RHOQ,+
chr2,46926348,46989927,SOCS5,+
chr2,47168312,47303275,TTC7A,+
chr2,48034058,48132932,FBXO11,-
chr2,53897429,54087170,GPR75-ASB3,-
chr2,54080049,54087170,GPR75,-
chr2,54683453,54898583,SPTBN1,+
chr2,55199324,55364967,RTN4,-
chr2,61389628,61391964,C2orf74,+
chr2,62900985,63273622,EHBP1,+
chr2,65537984,65593931,SPRED2,-
chr2,71205574,71212629,ANKRD53,+
chr2,72356366,72374991,CYP26B1,-
chr2,73429385,73438340,NOTO,+
chr2,73481809,73496758,FBXO41,-
chr2,74213530,74335303,TET3,+
chr2,74443368,74570534,SLC4A5,-
chr2,74641302,74644844,C2orf81,-
chr2,85198230,85286595,KCMF1,+
chr2,85360582,85537511,TCF7L1,+
chr2,85621870,85637820,CAPG,-
chr2,85811530,85820511,VAMP5,+
chr2,85884439,85895864,SFTPB,-
chr2,86066270,86116157,ST3GAL5,-
chr2,87011727,87018837,CD8A,-
chr2,88856257,88924447,EIF2AK3,-
chr2,95810744,95825330,ZNF514,-
chr2,96012767,96051825,KCNIP3,+
chr2,96687693,96701722,GPAT2,-
chr2,96778622,96781984,ADRA2B,-
chr2,96808907,96811179,DUSP2,-
chr2,97481990,97501121,CNNM3,+
chr2,97525472,97535735,SEMA4C,-
chr2,97541618,97563870,FAM178B,-
chr2,99061320,99207496,INPP4A,+
chr2,99235568,99279936,MGAT4A,-
chr2,100016937,100106518,REV1,-
chr2,101436612,101613287,NPAS2,+
chr2,102314537,102511152,MAP4K4,+
chr2,105865879,105946128,TGFBRAP1,-
chr2,105977282,106055230,FHL2,-
chr2,106361519,106510730,NCK2,+
chr2,106709758,106755337,UXS1,-
chr2,109204756,109303702,LIMS1,+
chr2,109510926,109605828,EDAR,-
chr2,110550334,110590596,RGPD5,+
chr2,114386130,114399722,RABL2A,+
chr2,120189445,120196096,TMEM37,+
chr2,127805598,127842126,BIN1,-
chr2,127941411,127963343,CYP27C1,-
chr2,128619203,128642434,AMMECR1L,-
chr2,129023053,129076171,HS6ST1,-
chr2,130949317,130956034,TUBA3E,-
chr2,131674223,131804826,ARHGEF4,+
chr2,132480063,132524977,C2orf27A,+
chr2,132552533,132559234,C2orf27B,-
chr2,133064716,133076320,ZNF806,+
chr2,135011829,135212192,MGAT5,+
chr2,136343892,136482840,R3HDM1,+
chr2,152689284,152830600,CACNB4,-
chr2,160625138,160761267,LY75-CD302,-
chr2,161993465,162092682,TANK,+
chr2,168810529,169104105,STK39,-
chr2,169659099,169721849,NOSTRIN,+
chr2,171847332,172087824,TLK1,-
chr2,175424301,175547627,WIPF1,-
chr2,179184970,179264160,OSBPL6,+
chr2,179390715,179672150,TTN,-
chr2,181845111,181928154,UBE2E3,+
chr2,183982217,184026412,NUP35,+
chr2,187464931,187545629,ITGAV,+
chr2,191002485,191068210,C2orf88,+
chr2,191513795,191557492,NAB1,+
chr2,192110001,192290115,MYO1B,+
chr2,198435526,198540584,RFTN2,-
chr2,200134222,200329831,SATB2,-
chr2,201997687,202037411,CFLAR,+
chr2,202899309,202903160,FZD7,+
chr2,202937975,203069926,KIAA2012,+
chr2,204231606,204296896,ABI2,+
chr2,204298404,204400058,RAPH1,-
chr2,219138914,219154725,TMBIM1,-
chr2,219187901,219211516,PNKD,+
chr2,219246751,219261617,SLC11A1,+
chr2,219264477,219270664,CTDSP1,+
chr2,219283837,219314248,VIL1,+
chr2,219646471,219680016,CYP27A1,+
chr2,219919141,219925238,IHH,-
chr2,220043430,220050197,FAM134A,+
chr2,220101319,220108353,GLB1L,-
chr2,220299699,220358354,SPEG,+
chr2,220492291,220506702,SLC4A3,+
chr2,228192227,228222552,MFF,+
chr2,228226753,228244022,TM4SF20,-
chr2,231578262,231685790,CAB39,+
chr2,231902280,231914429,C2orf72,+
chr2,231972946,231989824,HTR2B,-
chr2,232070912,232240590,ARMC9,+
chr2,233385172,233390426,PRSS56,+
chr2,233743395,233792861,NGEF,-
chr2,234263152,234380743,DGKD,+
chr2,234384164,234474236,USP40,-
chr2,234684324,234742069,MROH2A,+
chr2,235401684,235405697,ARL4C,-
chr2,235860627,235964358,SH3BP4,+
chr2,236402732,237040444,AGAP1,+
chr2,237103514,237172988,ASB18,-
chr2,238536223,238690290,LRRFIP1,+
chr2,238768186,238820759,RAMP1,+
chr2,238877434,238951423,UBE2F,+
chr2,239067648,239077531,ERFE,+
chr2,239152678,239197207,PER2,-
chr2,239229184,239309541,TRAF3IP1,+
chr2,239969863,240322643,HDAC4,-
chr2,241375114,241407495,GPC1,+
chr2,241508003,241518149,RNPEPL1,+
chr2,241653180,241759725,KIF1A,-
chr2,241938254,242033643,SNED1,+
chr2,242498145,242513553,BOK,+
chr2,242523819,242576725,THAP4,-
chr20,306214,310872,SOX12,+
chr20,1161204,1166077,TMEM74B,-
chr20,1422806,1448337,NSFL1C,-
chr20,1874812,1920540,SIRPA,+
chr20,2673523,2740754,EBF4,+
chr20,2903852,3019315,PTPRA,+
chr20,3208062,3218835,SLC4A11,-
chr20,3229947,3388309,C20orf194,-
chr20,3713316,3733758,HSPA12B,+
chr20,3764497,3767337,CENPB,-
chr20,3767418,3786768,CDC25B,+
chr20,4833001,4990939,SLC23A2,-
chr20,6021191,6034726,LRRN4,-
chr20,6748744,6760927,BMP2,+
chr20,11871370,11907243,BTBD3,+
chr20,19998438,20014273,NAA20,+
chr20,20015004,20036690,CRNKL1,-
chr20,21376004,21378047,NKX2-4,-
chr20,21491654,21494664,NKX2-2,-
chr20,24929865,24940564,CST7,+
chr20,24986865,25038818,ACSS1,-
chr20,30458504,30530858,TTLL9,+
chr20,31030861,31172875,NOL4L,-
chr20,31290492,31331814,COMMD7,-
chr20,31350190,31397162,DNMT3B,+
chr20,31995762,32031698,SNTA1,-
chr20,32263291,32274210,E2F1,-
chr20,32868070,32899608,AHCY,-
chr20,33302577,33370207,NCOA6,-
chr20,33462765,33515769,ACSS2,+
chr20,33814538,33864804,MMP24,+
chr20,33873533,33880225,FAM83C,-
chr20,34114798,34117481,C20orf173,-
chr20,34742661,34820721,EPB41L1,+
chr20,35089817,35157040,DLGAP4,+
chr20,35169886,35178226,MYL9,+
chr20,35405844,35492087,SOGA1,-
chr20,35504523,35522638,TLDC2,+
chr20,35879488,35885311,GHRH,-
chr20,35973087,36033835,SRC,+
chr20,36531498,36573752,VSTM2L,+
chr20,39807088,39928739,ZHX3,-
chr20,39988605,39995498,EMILIN3,-
chr20,42875738,42909557,GDAP1L1,+
chr20,43248159,43280399,ADA,-
chr20,43343484,43356453,WISP2,+
chr20,43380444,43438979,RIMS4,-
chr20,43719854,43729753,KCNS1,-
chr20,43990576,43997862,SYS1,+
chr20,44036628,44039250,DBNDD2,+
chr20,44451852,44455953,TNNC2,-
chr20,44637546,44645200,MMP9,+
chr20,44657820,44688789,SLC12A5,+
chr20,45186461,45280100,SLC13A3,-
chr20,46286149,46414808,SULF2,-
chr20,48519927,48530276,SPATA2,-
chr20,49202644,49308067,FAM65C,-
chr20,49411430,49493714,BCAS4,+
chr20,50213313,50384950,ATP9A,-
chr20,52183609,52199636,ZNF217,-
chr20,54933982,54943719,FAM210B,+
chr20,55066547,55100981,GCNT7,-
chr20,55966453,55984389,RBM38,+
chr20,56223447,56286592,PMEPA1,-
chr20,56884770,56942563,RAB22A,+
chr20,57034156,57089994,APCDD1L,-
chr20,57264186,57290900,NPEPL1,+
chr20,57428035,57486251,GNAS,+
chr20,57570241,57582309,CTSZ,-
chr20,60549853,60640866,TAF4,-
chr20,60697516,60710434,LSM14B,+
chr20,60813540,60871269,OSBPL2,+
chr20,60884115,60942368,LAMA5,-
chr20,60963685,60982339,CABLES2,-
chr20,61436151,61445352,OGFR,+
chr20,61448413,61472511,COL9A3,+
chr20,61472365,61493115,TCFL5,-
chr20,62031566,62104030,KCNQ2,-
chr20,62119364,62130668,EEF1A2,-
chr20,62159765,62168723,PTK6,-
chr20,62171276,62178857,SRMS,-
chr20,62185495,62188061,FNDC11,+
chr20,62271057,62284119,STMN3,-
chr20,62329994,62339365,ARFRP1,-
chr20,62338793,62367494,ZGPAT,+
chr20,62371210,62375403,SLC2A4RG,+
chr20,62375020,62436856,ZBTB46,-
chr20,62588056,62601223,ZNF512B,-
chr20,62605465,62610995,SAMD10,-
chr20,62688438,62703700,TCEA2,+
chr20,62795826,62873606,MYT1,+
chr20,62887047,62907579,PCMTD2,+
chr21,10906186,10990943,TPTE,-
chr21,15481133,15583212,LIPI,-
chr21,27252860,27543446,APP,-
chr21,33245627,33376377,HUNK,+
chr21,33664123,33687095,MRAP,+
chr21,33784688,33887710,EVA1C,+
chr21,33947150,33957845,TCP10L,-
chr21,34162983,34186053,C21orf62,-
chr21,35736322,35743440,KCNE2,+
chr21,35888739,35987441,RCAN1,-
chr21,37536838,37666572,DOPEY2,+
chr21,37832918,37852388,CLDN14,-
chr21,38378449,38391959,RIPPLY3,+
chr21,38739858,38887679,DYRK1A,+
chr21,40777769,40816128,LCA5L,-
chr21,42539727,42654461,BACE2,+
chr21,42547157,42557166,PLAC4,-
chr21,43619798,43717354,ABCG1,+
chr21,43919741,44001550,SLC37A1,+
chr21,44834394,44847012,SIK1,-
chr21,45285115,45407475,AGPAT3,+
chr21,45642873,45660887,ICOSLG,-
chr21,45666221,45682099,DNMT3L,-
chr21,45705720,45718102,AIRE,+
chr21,45875368,45878739,LRRC3,+
chr21,46225531,46238044,SUMO3,-
chr21,46305867,46340965,ITGB2,-
chr21,46494492,46646478,ADARB1,+
chr21,46825051,46933634,COL18A1,+
chr21,46934628,46962385,SLC19A1,-
chr21,47269874,47362368,PCBP3,+
chr21,47518032,47552763,COL6A2,+
chr22,16256331,16287937,POTEH,-
chr22,17659679,17702744,CECR1,-
chr22,17840838,18037856,CECR2,+
chr22,18216905,18257261,BID,-
chr22,18270414,18507325,MICAL3,-
chr22,18900286,18924066,PRODH,-
chr22,19701986,19710845,43713,+
chr22,19957401,20004309,ARVCF,-
chr22,20119363,20135530,ZDHHC8,+
chr22,20228937,20255816,RTN4R,-
chr22,21319417,21335649,AIFM3,+
chr22,21738039,21743458,RIMBP3B,+
chr22,21899954,21905750,RIMBP3C,-
chr22,22051824,22090123,YPEL1,-
chr22,22890117,22900174,PRAME,-
chr22,23412668,23467221,GNAZ,+
chr22,23522551,23660224,BCR,+
chr22,23915311,23922495,IGLL1,-
chr22,24115005,24126503,MMP11,+
chr22,24823529,24838328,ADORA2A,+
chr22,24891250,24922553,UPB1,+
chr22,24999123,25024972,GGT1,+
chr22,25202187,25322813,SGSM1,+
chr22,25331207,25335314,TMEM211,-
chr22,25423940,25593415,KIAA1671,+
chr22,25615611,25627836,CRYBB2,+
chr22,26825279,26840978,ASPHD2,+
chr22,29169124,29185289,CCDC117,+
chr22,29469065,29564321,KREMEN1,+
chr22,29702984,29708778,GAS2L1,+
chr22,29876180,29887279,NEFH,+
chr22,30116343,30127822,CABP7,+
chr22,30658816,30661806,OSM,-
chr22,30855215,30868034,SEC14L3,-
chr22,30950621,30960901,GAL3ST1,-
chr22,30972611,31003000,PES1,-
chr22,31003069,31023047,TCN2,+
chr22,31090792,31303811,OSBP2,+
chr22,31530792,31536593,PLA2G3,-
chr22,32150847,32303020,DEPDC5,+
chr22,32329506,32334440,C22orf24,-
chr22,32614462,32651318,SLC5A4,-
chr22,32753853,32757148,RFPL3,+
chr22,33196801,33259028,TIMP3,+
chr22,33668846,34316410,LARGE1,-
chr22,35937351,35950046,RASD2,+
chr22,37257029,37274059,NCF4,+
chr22,37447775,37459430,KCTD17,+
chr22,37461475,37505603,TMPRSS6,-
chr22,37521877,37546030,IL2RB,-
chr22,37886399,37915210,CARD10,-
chr22,38302154,38338465,MICALL1,+
chr22,38368318,38380539,SOX10,-
chr22,38822331,38851205,KCNJ4,-
chr22,39130718,39152024,SUN2,-
chr22,39214455,39240017,NPTXR,-
chr22,39353526,39359188,APOBEC3A,+
chr22,39619363,39636914,PDGFB,-
chr22,39745953,39781593,SYNGR1,+
chr22,39853324,39888199,MGAT3,+
chr22,39896104,39914139,MIEF1,+
chr22,41075181,41078818,MCHR1,+
chr22,41957013,41972670,CSDC2,+
chr22,42305557,42310671,SHISA8,-
chr22,42372930,42394225,43711,+
chr22,42556018,42679933,TCF20,-
chr22,43265771,43343047,PACSIN2,-
chr22,43547938,43559248,TSPO,+
chr22,43562627,43583137,TTLL12,-
chr22,44220386,44258378,SULT4A1,-
chr22,44464996,44565113,PARVB,+
chr22,44888449,44894005,LDOC1L,-
chr22,45064426,45133561,PRR5,+
chr22,45098077,45258664,PRR5-ARHGAP8,+
chr22,45148437,45258664,ARHGAP8,+
chr22,45560551,45583892,NUP50,+
chr22,45588122,45636650,KIAA0930,-
chr22,45739943,45809500,SMC1B,-
chr22,45898718,45997014,FBLN1,+
chr22,46446338,46450024,PRR34,-
chr22,46546498,46639653,PPARA,+
chr22,46651559,46659219,PKDREJ,-
chr22,46756730,46933067,CELSR1,-
chr22,47016298,47075688,GRAMD4,+
chr22,47080306,47134152,CERK,-
chr22,50166925,50221196,BRD1,-
chr22,50247496,50283726,ZBED4,+
chr22,50432941,50451055,IL17REL,-
chr22,50609159,50618724,PANX2,+
chr22,50624340,50638028,TRABD,+
chr22,50691329,50700239,MAPK12,-
chr22,50702141,50708822,MAPK11,-
chr22,50713407,50746001,PLXNB2,-
chr22,50750391,50765489,DENND6B,-
chr22,50920152,50924866,ADM2,+
chr22,51039113,51049979,MAPK8IP2,+
chr22,51113069,51171640,SHANK3,+
chr3,9540044,9595486,LHFPL4,-
chr3,9908393,9920496,CIDEC,-
chr3,10857884,10875477,SLC6A11,+
chr3,12194567,12200851,TIMP4,-
chr3,12353878,12475855,PPARG,+
chr3,12938541,13114617,IQSEC1,-
chr3,13357729,13461819,NUP210,-
chr3,15295859,15382901,SH3BP5,-
chr3,15491639,15563258,COLQ,-
chr3,16357351,16555222,RFTN1,-
chr3,16974581,17132098,PLCL2,+
chr3,18386879,18487080,SATB1,-
chr3,20026835,20053765,PP2D1,-
chr3,23244783,23632296,UBE2E2,+
chr3,23986750,24022109,NR1D2,+
chr3,25382292,25639423,RARB,+
chr3,32859509,32939318,TRIM71,+
chr3,32993065,32996403,CCR4,+
chr3,37034840,37092337,MLH1,+
chr3,37094116,37216096,LRRFIP2,-
chr3,37452628,37459865,C3orf35,+
chr3,37903668,38025960,CTDSPL,+
chr3,38048986,38071154,PLCD1,-
chr3,38347426,38360066,SLC22A14,+
chr3,38589552,38691164,SCN5A,-
chr3,39138089,39149854,GORASP1,-
chr3,39183341,39195102,CSRNP1,-
chr3,39224705,39234087,XIRP1,-
chr3,40428646,40470117,ENTPD3,+
chr3,42190726,42254118,TRAK1,+
chr3,42913683,42917633,CYP8B1,-
chr3,42947401,42960825,ZNF662,+
chr3,44596666,44624956,ZKSCAN7,+
chr3,46742822,46752413,TMIE,+
chr3,46753605,46759373,PRSS50,-
chr3,46783580,46786245,PRSS45,-
chr3,46923738,46945289,PTH1R,+
chr3,47603727,47620359,CSPG5,-
chr3,48348335,48369831,SPINK8,-
chr3,48555116,48598613,PFKFB4,-
chr3,49215068,49229291,C3orf84,-
chr3,49235860,49295537,CCDC36,+
chr3,49506135,49573051,DAG1,+
chr3,49828164,49837268,CDHR4,-
chr3,50192477,50226508,SEMA3F,+
chr3,50284325,50296786,GNAI2,+
chr3,50337319,50349812,HYAL1,-
chr3,50367216,50378367,RASSF1,-
chr3,50400043,50541675,CACNA2D2,-
chr3,50712671,51421629,DOCK3,+
chr3,52558384,52567793,NT5DC2,-
chr3,52812508,52826084,ITIH1,+
chr3,52828783,52843025,ITIH3,+
chr3,53195222,53226733,PRKCD,+
chr3,53529075,53846492,CACNA1D,+
chr3,56761445,56809745,ARHGEF3,-
chr3,57124009,57199427,IL17RD,-
chr3,58477822,58488087,KCTD6,+
chr3,58490862,58522929,ACOX2,-
chr3,58549838,58572840,FAM107A,-
chr3,63884074,63989138,ATXN7,+
chr3,66429220,66550845,LRIG1,-
chr3,69157822,69171746,LMOD3,-
chr3,69985750,69988216,MITF,+
chr3,71003864,71353911,FOXP1,-
chr3,71728439,71803924,EIF4E3,-
chr3,71802874,71805531,GPR27,+
chr3,72937384,73024525,GXYLT2,+
chr3,73431580,73618666,PDZRN3,-
chr3,75713486,75716368,FRG2C,+
chr3,87308782,87325737,POU1F1,-
chr3,93733212,93747454,STX19,-
chr3,98482150,98514689,ST3GAL6,+
chr3,99833773,99897476,CMSS1,+
chr3,100468178,100712334,ABI3BP,-
chr3,105374304,105586435,CBLB,-
chr3,113666747,113682220,ZDHHC23,+
chr3,124684553,124774802,HEG1,-
chr3,125725199,125820391,SLC41A3,-
chr3,126061477,126076236,KLF15,-
chr3,126113781,126155398,CFAP100,+
chr3,126156443,126194762,ZXDC,-
chr3,126290621,126327398,TXNRD3NB,-
chr3,126325894,126373967,TXNRD3,-
chr3,127348001,127391653,PODXL2,+
chr3,128720471,128759585,EFCC1,+
chr3,129274055,129325582,PLXND1,-
chr3,129366634,129599402,TMCC1,-
chr3,133502876,133540336,SRPRB,+
chr3,133543078,133614691,RAB6B,-
chr3,133875977,133969586,RYK,-
chr3,134074186,134094259,AMOTL2,-
chr3,135741576,135866752,PPP2R3A,+
chr3,136649316,136670452,NCK1,+
chr3,137717657,137752494,CLDN18,+
chr3,138067507,138124377,MRAS,+
chr3,138153414,138198784,ESYT3,+
chr3,138663065,138665982,FOXL2,-
chr3,139171725,139195352,RBP2,-
chr3,142342265,142432506,PLS1,+
chr3,142680072,142682178,PAQR9,-
chr3,150458909,150481263,SIAH2,-
chr3,150915618,150920988,GPR171,-
chr3,150929904,150996230,P2RY14,-
chr3,151011873,151034636,GPR87,-
chr3,151044095,151047337,P2RY13,-
chr3,156394452,156424559,TIPARP,+
chr3,158414896,158450275,RARRES1,-
chr3,159943422,159946000,C3orf80,+
chr3,169492052,169507504,MYNN,+
chr3,171758343,172118493,FNDC3B,+
chr3,176737142,176915114,TBL1XR1,-
chr3,178960551,178977679,KCNMB3,-
chr3,182655945,182703741,DCUN1D1,-
chr3,182971031,182991179,B3GNT5,+
chr3,183533663,183543393,MAP6D1,-
chr3,183873283,183891314,DVL3,+
chr3,183948216,183960117,VWA5B2,+
chr3,184018368,184026842,PSMD2,+
chr3,184089722,184097476,THPO,-
chr3,186256227,186262240,CRYGS,-
chr3,194308401,194354150,TMEM44,-
chr3,195943382,195960301,SLC51A,+
chr3,196050416,196065291,TM4SF19,-
chr3,196439244,196462878,PIGX,+
chr3,196673213,196695742,PIGZ,-
chr3,196728610,196756687,MELTF,-
chr3,196769430,196911002,DLG1,-
chr3,197879236,197907728,FAM157A,+
chr4,619362,664681,PDE6B,+
chr4,675612,683230,MFSD7,-
chr4,778744,819945,CPLX1,-
chr4,952671,967348,DGKQ,-
chr4,1005609,1020686,FGFRL1,+
chr4,1160719,1166999,SPON2,-
chr4,1205227,1242908,CTBP1,-
chr4,1385339,1389782,CRIPAK,+
chr4,1641607,1686040,FAM53A,-
chr4,1795038,1810599,FGFR3,+
chr4,1873122,1983934,NSD2,+
chr4,2061238,2070816,NAT8L,+
chr4,2249159,2263739,MXD4,-
chr4,2271323,2420370,ZFYVE28,-
chr4,2420671,2464690,CFAP99,+
chr4,2627158,2734302,FAM193A,+
chr4,2743386,2758103,TNIP2,-
chr4,2794749,2842823,SH3BP2,+
chr4,3465032,3503200,DOK7,+
chr4,4388689,4420785,NSG1,+
chr4,4420694,4463699,STX18,-
chr4,5822490,5894810,CRMP1,-
chr4,6784458,6885899,KIAA0232,+
chr4,6911494,7034845,TBC1D14,+
chr4,7760439,7941653,AFAP1,-
chr4,8271491,8308838,HTRA3,+
chr4,8594386,8621488,CPZ,+
chr4,8847801,8873543,HMX1,-
chr4,10441503,10459032,ZNF518B,-
chr4,13542453,13546114,NKX3-2,-
chr4,16162127,16228161,TAPT1,-
chr4,39408472,39453153,KLB,+
chr4,39824482,39979576,PDS5A,-
chr4,41983712,41988484,DCAF4L1,+
chr4,48492268,48496406,ZAR1,+
chr4,52886860,52904485,SGCB,-
chr4,57774041,57802010,REST,+
chr4,57897236,57976551,IGFBP7,-
chr4,71570653,71655614,RUFY3,+
chr4,76995847,77033955,ART3,+
chr4,87744620,87770416,SLC10A6,-
chr4,88928798,88998931,PKD2,+
chr4,89617063,89619386,NAP1L5,-
chr4,90033967,90036052,TIGD2,+
chr4,99792834,99851788,EIF4E,-
chr4,106067031,106163928,TET2,+
chr4,108814419,108836203,SGMS2,+
chr4,111538578,111563279,PITX2,-
chr4,119201192,119273922,PRSS12,-
chr4,120217573,120225600,C4orf3,-
chr4,123091757,123283914,KIAA1109,+
chr4,139978870,140060630,ELF2,-
chr4,141264596,141303710,SCOC,+
chr4,141481049,141489959,UCP1,-
chr4,145915726,146018534,ANAPC10,-
chr4,151503076,151505845,MAB21L2,+
chr4,152041432,152149182,SH3D19,-
chr4,153242409,153303664,FBXW7,-
chr4,159603259,159629865,ETFDH,+
chr4,159727245,159829202,FNIP2,+
chr4,160188997,160281302,RAPGEF2,+
chr4,164445449,164534776,43525,-
chr4,166128769,166244308,KLHL2,+
chr4,170907747,170924943,MFAP3L,-
chr4,174309298,174320397,SCRG1,-
chr4,183811243,183838630,DCTD,-
chr5,140372,190087,PLEKHG4B,+
chr5,472100,524549,SLC9A3,-
chr5,659976,693510,TPPP,-
chr5,892968,918164,TRIP13,+
chr5,1009076,1038927,NKD2,+
chr5,1050488,1112172,SLC12A7,-
chr5,1253281,1295162,TERT,-
chr5,1317858,1345185,CLPTM1L,-
chr5,1461537,1524092,LPCAT1,-
chr5,6714717,6757161,PAPD7,+
chr5,10679341,10761387,DAP,-
chr5,14143810,14510313,TRIO,+
chr5,14704908,14871887,ANKH,-
chr5,16473146,16509107,FAM134B,-
chr5,34656595,34832717,RAI14,+
chr5,53813588,53842416,SNX18,+
chr5,54408798,54469005,CDC20B,-
chr5,56215428,56247957,MIER3,-
chr5,61874561,61877275,LRRC70,+
chr5,67586466,67597649,PIK3R1,+
chr5,68666861,68710628,RAD17,+
chr5,71475454,71505397,MAP1B,+
chr5,74970022,75008280,POC5,-
chr5,76011867,76031605,F2R,+
chr5,76924536,76934522,OTP,-
chr5,96110187,96149848,ERAP1,-
chr5,96294155,96365115,LNPEP,+
chr5,98190907,98262238,CHD1,-
chr5,110407389,110413722,TSLP,+
chr5,111064999,111091948,NREP,-
chr5,111498313,111755013,EPB41L4A,-
chr5,122881110,122952739,CSNK1G3,+
chr5,123972609,124080805,ZNF608,-
chr5,131593350,131609147,PDLIM4,+
chr5,132009677,132018370,IL4,+
chr5,132083136,132090095,CCNI2,+
chr5,132157832,132166590,SHROOM1,-
chr5,133450388,133483920,TCF7,+
chr5,135282599,135290723,LECT2,-
chr5,137688284,137772716,KDM3B,+
chr5,139030573,139063470,CXXC5,+
chr5,139505520,139508391,IGIP,+
chr5,140624916,140627802,PCDHB15,+
chr5,140743897,140746339,PCDHGA5,+
chr5,140810157,140812789,PCDHGA12,+
chr5,140868807,140892546,PCDHGC5,+
chr5,141346401,141369856,RNF14,+
chr5,142657495,142815077,NR3C1,-
chr5,149432853,149492935,CSF1R,-
chr5,149781199,149792499,CD74,-
chr5,149997205,150031903,SYNPO,+
chr5,150157507,150176298,SMIM3,+
chr5,150409503,150467221,TNIP1,-
chr5,150480266,150521216,ANXA6,-
chr5,150816552,150850520,SLC36A1,+
chr5,151202073,151304397,GLRA1,-
chr5,154092461,154197167,LARP1,+
chr5,156768606,156772729,FNDC9,-
chr5,167719064,167899308,WWC1,+
chr5,170846666,170884630,FGF18,+
chr5,175490711,175541801,FAM153B,+
chr5,175665361,175772994,SIMC1,+
chr5,175819455,175843570,CLTB,-
chr5,176022802,176037131,GPRIN1,-
chr5,176047084,176057562,SNCB,-
chr5,176237559,176307899,UNC5A,+
chr5,176784843,176799599,RGS14,+
chr5,176829138,176836577,F12,-
chr5,177419235,177423243,PROP1,-
chr5,177540555,177553107,N4BP3,+
chr5,178138521,178157703,ZNF354A,-
chr5,179068544,179072047,C5orf60,-
chr5,179224596,179233952,MGAT4B,-
chr5,179233387,179265078,SQSTM1,+
chr5,179527794,179636130,RASGEF1C,-
chr5,179660593,179719071,MAPK9,-
chr5,180028505,180076624,FLT4,-
chr5,180467224,180488523,BTNL9,+
chr5,180620923,180632293,TRIM7,-
chr6,1390068,1395832,FOXF2,+
chr6,1624034,2176225,GMDS,-
chr6,2765665,2785979,WRNIP1,+
chr6,3269206,3456793,SLC22A23,-
chr6,3722835,3752246,PXDC1,-
chr6,4068592,4079457,FAM217A,-
chr6,4079439,4130999,C6orf201,+
chr6,4776679,4955778,CDYL,+
chr6,10762955,10831110,MAK,-
chr6,10873455,10882098,GCM2,-
chr6,10980991,11044624,ELOVL2,-
chr6,13363586,13408369,GFOD1,-
chr6,13621729,13711796,RANBP9,-
chr6,16238810,16295780,GMPR,+
chr6,17759413,17987854,KIF13A,-
chr6,18120717,18122851,NHLRC1,-
chr6,18224399,18264799,DEK,-
chr6,24426059,24489850,GPLD1,-
chr6,24544331,24583455,KIAA0319,-
chr6,26368405,26378548,BTN3A2,+
chr6,26501494,26510653,BTN1A1,+
chr6,28209482,28227030,ZKSCAN4,-
chr6,28539406,28583954,ZBED9,-
chr6,31110215,31126015,CCHCR1,-
chr6,31132113,31138470,POU5F1,-
chr6,31913720,31919861,CFB,+
chr6,32152509,32157963,PBX2,-
chr6,32936436,32949282,BRD2,+
chr6,33387846,33421466,SYNGAP1,+
chr6,33589155,33664351,ITPR3,+
chr6,33762448,33771793,MLN,-
chr6,35441373,35464861,TEAD3,-
chr6,35465650,35480715,TULP1,-
chr6,35541361,35656719,FKBP5,-
chr6,35744370,35747329,CLPSL2,+
chr6,36098260,36112301,MAPK13,+
chr6,36922208,36932613,PI16,+
chr6,37137921,37143204,PIM1,+
chr6,39760158,39872653,DAAM2,+
chr6,40994639,41006938,UNC5CL,-
chr6,41514163,41570122,FOXP4,+
chr6,41737913,41747643,FRS3,-
chr6,41757633,41839375,USP49,-
chr6,42664332,42690358,PRPH2,-
chr6,42788793,42836298,GLTSCR1L,+
chr6,43303807,43337181,ZNF318,-
chr6,44310396,44344904,SPATS1,+
chr6,56322784,56819426,DST,-
chr6,57179602,57191161,PRIM2,+
chr6,64356430,64425418,PHF3,+
chr6,66011310,66015506,LOC441155,+
chr6,71998144,72018762,OGFRL1,+
chr6,73951036,74019938,KHDC1,-
chr6,86159301,86205509,NT5E,+
chr6,88054570,88075181,C6orf163,+
chr6,89805677,89827800,SRSF12,-
chr6,90142896,90343553,ANKRD6,+
chr6,99719036,99797531,FAXC,-
chr6,100054649,100063454,PRDM13,+
chr6,105544696,105584221,BVES,-
chr6,105725441,105850999,PREP,-
chr6,107386384,107435636,BEND3,-
chr6,107811316,107982513,SOBP,+
chr6,109557816,109591717,LOC100996634,+
chr6,109783718,109804440,ZBTB24,-
chr6,110567148,110679475,METTL24,-
chr6,112375277,112390889,WISP3,+
chr6,116440084,116447296,COL10A1,-
chr6,118781934,119031238,CEP85L,-
chr6,118869425,118882878,PLN,+
chr6,119134611,119252903,MCM9,-
chr6,119280993,119470358,FAM184A,-
chr6,125524784,125585553,TPD52L1,+
chr6,127759550,127840500,SOGA3,-
chr6,130340204,130462594,L3MBTL3,+
chr6,134490383,134499010,SGK1,-
chr6,135502452,135540311,MYB,+
chr6,138483052,138665800,ARFGEF3,+
chr6,139456248,139501946,HECA,+
chr6,143929316,144152322,PHACTR2,+
chr6,144261436,144376398,PLAGL1,-
chr6,144612872,145174170,UTRN,+
chr6,146864827,146876092,RAB32,+
chr6,147525493,147711612,STXBP5,+
chr6,148593411,148873186,SASH1,+
chr6,149539059,149732749,TAB2,+
chr6,149768765,149806148,ZC3H12D,-
chr6,150921000,151164801,PLEKHG1,+
chr6,155411422,155578857,TIAM2,+
chr6,157802556,158094977,ZDHHC14,+
chr6,158244202,158366109,SNX9,+
chr6,158957467,159056467,TMEM181,+
chr6,159071045,159185908,SYTL3,+
chr6,163835674,163999628,QKI,+
chr6,166822851,166958178,RPS6KA2,-
chr6,167584080,167596396,TCP10L2,+
chr6,167738573,167756177,TTLL2,+
chr6,168227670,168372700,AFDN,+
chr6,168418552,168445769,KIF25,+
chr6,170104000,170124106,PHF10,-
chr6_apd_hap1,1999619,2004845,TUBB,+
chr6_apd_hap1,2007127,2009922,FLOT1,-
chr6_apd_hap1,3098051,3100480,HSPA1A,+
chr6_cox_hap2,3377147,3379523,ZBTB12,-
chr6_dbb_hap3,2874021,2891126,PRRC2A,+
chr6_dbb_hap3,2993298,3016037,MSH5,+
chr7,536894,559481,PDGFA,-
chr7,588833,767313,PRKAR1B,-
chr7,856251,914557,SUN1,+
chr7,937536,995043,ADAP1,-
chr7,1570367,1582679,MAFK,+
chr7,1581870,1596066,TMEM184A,-
chr7,1748797,1787590,ELFN1,+
chr7,2394473,2420380,EIF3B,+
chr7,2443194,2474242,CHST12,+
chr7,2559478,2568811,LFNG,+
chr7,2671602,2704436,TTYH3,+
chr7,2727835,2804759,AMZ1,+
chr7,2767738,2883959,GNA12,-
chr7,4721929,4811074,FOXK1,+
chr7,4838739,4923335,RADIL,-
chr7,4897368,4901625,PAPOLB,-
chr7,5322560,5343704,SLC29A4,+
chr7,6536408,6591067,GRID2IP,-
chr7,6676952,6697910,ZNF316,+
chr7,7606615,7647112,MIOS,+
chr7,7676193,7758238,RPA3,-
chr7,24836155,24932240,OSBPL3,-
chr7,26191846,26226757,NFE2L3,+
chr7,26403944,26413949,SNX10,+
chr7,26677489,26686889,C7orf71,+
chr7,27236498,27239725,HOXA13,-
chr7,27870191,28220437,JAZF1,-
chr7,28338939,28865511,CREB5,+
chr7,29959718,30029905,SCRN1,-
chr7,32907777,32931468,KBTBD2,-
chr7,33019085,33046543,FKBP9,+
chr7,33134408,33149002,RP9,-
chr7,43906156,43946231,URGCP-MRPS24,-
chr7,44040488,44049723,SPDYE1,+
chr7,44143959,44154164,AEBP1,+
chr7,44788164,44809480,ZMIZ2,+
chr7,44915891,44924984,PURB,-
chr7,45039786,45116069,CCM2,+
chr7,45120035,45128493,NACAD,-
chr7,45614124,45762715,ADCY1,+
chr7,50657759,50861159,GRB10,-
chr7,55538300,55640213,VOPP1,-
chr7,56032269,56067875,GBAS,+
chr7,72726531,72739579,TRIM50,-
chr7,73082173,73086440,VPS37D,+
chr7,73113534,73134017,STX1A,-
chr7,73498106,73536855,LIMK1,+
chr7,73624086,73644164,LAT2,+
chr7,73703804,73820273,CLIP2,+
chr7,74188308,74203720,NCF1,+
chr7,74422143,74445635,GATSL2,+
chr7,75831210,75916609,SRRM3,+
chr7,76026840,76071388,ZP3,+
chr7,77469446,77586821,PHTF2,+
chr7,87834431,87856308,SRI,-
chr7,92097693,92107229,ERVW-1,-
chr7,97910978,97922275,BRI3,+
chr7,98972297,98992424,ARPC1B,+
chr7,100187195,100198740,FBXO24,+
chr7,100218038,100239173,TFR2,-
chr7,100318422,100321323,EPO,+
chr7,100487614,100493541,ACHE,-
chr7,100728719,100735019,TRIM56,+
chr7,100813773,100823557,NAT16,-
chr7,101459183,101927250,CUX1,+
chr7,104756820,105029377,SRPK2,-
chr7,105245220,105319609,ATXN7L1,-
chr7,107405911,107443678,SLC26A3,-
chr7,108110865,108168605,PNPLA8,-
chr7,115863004,115898837,TES,+
chr7,116312412,116438440,MET,+
chr7,123177050,123241705,NDUFA5,-
chr7,123670969,123673523,TMEM229A,-
chr7,127990378,128001739,PRRT4,-
chr7,128432049,128462187,CCDC136,+
chr7,128577085,128590096,IRF5,+
chr7,128784711,128809535,TSPAN33,+
chr7,128828712,128853386,SMO,+
chr7,130020211,130027949,CPA1,+
chr7,130126015,130146138,MEST,+
chr7,131185020,131241376,PODXL,-
chr7,134212343,134226166,AKR1B10,+
chr7,134832765,134850967,TMEM140,+
chr7,134916730,134943244,STRA8,+
chr7,138279029,138363790,SVOPL,-
chr7,138391038,138482941,ATP6V0A4,-
chr7,138516125,138666064,KIAA1549,-
chr7,139208673,139229731,CLEC2L,+
chr7,139246315,139477693,HIPK2,-
chr7,139723543,139763521,PARP12,-
chr7,139784545,139876741,KDM7A,-
chr7,140103842,140126050,RAB19,+
chr7,141408152,141431071,WEE2,+
chr7,141536077,141541221,PRSS37,-
chr7,142457318,142460927,PRSS1,+
chr7,142981991,142985142,TMEM139,+
chr7,143088204,143105985,EPHA1,-
chr7,149169883,149194898,ZNF746,-
chr7,149461270,149470568,ZNF467,-
chr7,149944300,150000069,ACTR3C,-
chr7,150322462,150329736,GIMAP6,-
chr7,150549564,150558379,AOC1,+
chr7,150642043,150675402,KCNH2,-
chr7,150690891,150701023,NOS3,+
chr7,150712238,150721586,ATG9B,-
chr7,150759728,150773614,SLC4A2,+
chr7,150845675,150864635,GBX1,-
chr7,150872784,150884919,ASB10,-
chr7,150936058,150973820,SMARCD3,-
chr7,151078206,151107124,WDR86,-
chr7,151125917,151137256,CRYGN,-
chr7,151253199,151511957,PRKAG2,-
chr7,151653463,151717019,GALNTL5,+
chr7,154735399,154794682,PAXIP1,-
chr7,155089481,155101945,INSIG1,+
chr7,158820865,158937649,VIPR2,-
chr8,1772141,1906807,ARHGEF10,+
chr8,8993763,9008220,PPP1R3B,-
chr8,11534427,11617511,GATA4,+
chr8,11700032,11725659,CTSB,-
chr8,12579402,12612951,LONRF1,-
chr8,12940871,12973753,DLC1,-
chr8,17396285,17428077,SLC7A2,+
chr8,22019183,22021992,SFTPC,+
chr8,22224761,22291642,SLC39A14,+
chr8,22409250,22433008,SORBS3,+
chr8,22457113,22461663,C8orf58,+
chr8,22844929,22877710,RHOBTB2,+
chr8,23101149,23119513,CHMP7,+
chr8,24772454,24776606,NEFM,+
chr8,27947747,28048670,ELP3,+
chr8,28196164,28200872,PNOC,+
chr8,28203101,28243977,ZNF395,-
chr8,28558989,28611207,EXTL3,+
chr8,29952921,29995222,LEPROTL1,+
chr8,30890777,31031277,WRN,+
chr8,37654400,37701504,ADGRA2,+
chr8,38268655,38325363,FGFR1,-
chr8,38585703,38710548,TACC1,+
chr8,54764367,54871864,RGS20,+
chr8,56651302,56676539,TMEM68,-
chr8,58907112,59062277,FAM110B,+
chr8,67782983,67834283,MCMDC2,+
chr8,73976777,74005507,SBSPON,-
chr8,75912388,75946793,CRISPLD1,+
chr8,80947102,80993066,TPD52,-
chr8,86099909,86126753,E2F5,+
chr8,87354993,87480181,WWP1,+
chr8,92967194,93029908,RUNX1T1,-
chr8,99439249,99443025,KCNS2,+
chr8,99466858,99954799,STK3,-
chr8,101145587,101158099,FBXO43,-
chr8,101269286,101348446,RNF19A,-
chr8,104310660,104345094,FZD6,+
chr8,107771710,107782472,ABRA,-
chr8,110253147,110342162,NUDCD1,-
chr8,110586404,110693234,SYBU,-
chr8,124510126,124544383,FBXO32,-
chr8,131064349,131455906,ASAP1,-
chr8,133787603,133861052,PHF20L1,+
chr8,141541263,141645646,AGO2,-
chr8,142138719,142205901,DENND3,+
chr8,142217264,142264728,SLC45A4,-
chr8,142264665,142266916,LOC105375787,+
chr8,143545376,143626368,ADGRB1,+
chr8,143692404,143695833,ARC,-
chr8,143808620,143818350,THEM6,+
chr8,144349606,144359101,GLI4,+
chr8,144391493,144442147,TOP1MT,-
chr8,144798506,144804633,MAPK15,+
chr8,144806102,144815914,FAM83H,-
chr8,144915754,144923146,NRBP2,-
chr8,144939491,144952632,EPPK1,-
chr8,144989314,145050913,PLEC,-
chr8,145051319,145060639,PARP10,-
chr8,145515250,145538389,HSF1,+
chr8,145554227,145559943,SCRT1,-
chr8,145754562,145911197,ARHGAP39,-
chr9,2621773,2656103,VLDLR,+
chr9,4709555,4742043,AK3,-
chr9,5334931,5339873,RLN1,-
chr9,15470633,15510287,PSIP1,-
chr9,21003619,21031458,HACD4,-
chr9,26993133,27005691,LRRC19,-
chr9,27524311,27526496,IFNK,+
chr9,33240161,33248565,SPINK4,+
chr9,33384947,33402680,AQP7,-
chr9,33795558,33799229,PRSS3,+
chr9,34379016,34381598,C9orf24,-
chr9,34551429,34590138,CNTFR,-
chr9,35042204,35045988,C9orf131,+
chr9,35104117,35111371,FAM214B,-
chr9,35605280,35610038,TESK1,+
chr9,35609975,35618424,CD72,-
chr9,35681989,35690053,TPM2,-
chr9,35829494,35854844,TMEM8B,+
chr9,36136532,36163910,GLIPR2,+
chr9,71819926,71870124,TJP2,+
chr9,80331189,80646365,GNAQ,-
chr9,86354335,86432752,GKAP1,-
chr9,90112142,90323549,DAPK1,+
chr9,91003296,91093623,SPIN1,+
chr9,94171326,94186144,NFIL3,-
chr9,95145552,95166981,OGN,-
chr9,95218486,95244844,ASPN,-
chr9,95255828,95298374,ECM2,-
chr9,95362538,95377446,CENPP,+
chr9,95947211,96082854,WNK2,+
chr9,96338908,96441869,PHF2,+
chr9,96846710,96872138,PTPDC1,+
chr9,99212436,99253618,HABP4,+
chr9,99262394,99382112,CDC14B,-
chr9,99403532,99417599,AAED1,-
chr9,99516830,99540411,ZNF510,-
chr9,100174301,100258407,TDRD7,+
chr9,100263461,100364025,TMOD1,+
chr9,100961279,100975833,TBC1D2,-
chr9,101494290,101558824,ANKS6,-
chr9,101867370,101916474,TGFBR1,+
chr9,103191795,103214016,MSANTD3,+
chr9,103235519,103339918,TMEFF1,+
chr9,103340360,103350671,MURC,+
chr9,112137973,112260593,PTPN3,-
chr9,115249247,115427591,KIAA1958,+
chr9,115513133,115637267,SNX30,+
chr9,115641199,115653193,SLC46A2,-
chr9,116111811,116133513,BSPRY,+
chr9,116638561,116818875,ZNF618,+
chr9,116822406,116840752,AMBP,-
chr9,116917824,117074796,COL27A1,+
chr9,117092068,117095536,ORM2,+
chr9,117164359,117265495,WHRN,-
chr9,123578330,123605299,PSMD5,-
chr9,123617928,123657174,PHF19,-
chr9,123850573,123939886,CNTRL,+
chr9,124048857,124095120,GSN,+
chr9,124329380,124547809,DAB2IP,+
chr9,124964855,124991091,LHX6,-
chr9,125883898,126030855,STRBP,-
chr9,126118445,126141034,CRB2,+
chr9,126141932,126692417,DENND1A,-
chr9,127019884,127114721,NEK6,+
chr9,129089122,129269320,MVB12B,+
chr9,129376721,129463311,LMX1B,+
chr9,130025940,130155828,GARNL3,+
chr9,130214533,130265780,LRSAM1,+
chr9,130267616,130341286,FAM129B,-
chr9,130577290,130617052,ENG,-
chr9,130702860,130742812,FAM102A,-
chr9,130830478,130871537,SLC25A25,+
chr9,131451508,131458675,SET,+
chr9,131770070,131790632,SH3GLB2,-
chr9,132371162,132398410,NTMT1,+
chr9,132934856,132999583,NCS1,+
chr9,133539980,133558384,PRDM12,+
chr9,133971862,133998539,AIF1L,+
chr9,134065501,134110057,NUP214,+
chr9,134133464,134151906,FAM78A,-
chr9,134452156,134615331,RAPGEF1,-
chr9,135457992,135465640,BARHL1,+
chr9,135468383,135538804,DDX31,-
chr9,135973106,136024607,RALGDS,-
chr9,136228324,136243037,SURF4,-
chr9,136895426,136933141,BRD3,-
chr9,137218308,137332432,RXRA,+
chr9,138371647,138380739,PPP1R26,+
chr9,138700332,138799005,CAMSAP1,-
chr9,138898382,138987131,NACC2,-
chr9,139006426,139010277,C9orf69,-
chr9,139098178,139137687,QSOX2,-
chr9,139221931,139254057,GPSM1,+
chr9,139334547,139378211,SEC16A,-
chr9,139377946,139380519,C9orf163,+
chr9,139388884,139440238,NOTCH1,-
chr9,139557378,139567130,EGFL7,+
chr9,139607023,139619170,FAM69B,+
chr9,139846767,139849949,LCN12,+
chr9,139901685,139922740,ABCA2,-
chr9,139921915,139931234,C9orf139,+
chr9,139942549,139948503,ENTPD2,-
chr9,139971952,139978990,UAP1L1,+
chr9,140033608,140063214,GRIN1,+
chr9,140201345,140317714,EXD3,-
chr9,140317846,140328858,NOXA1,+
chr9,140328815,140335901,ENTPD8,-
chr9,140342021,140353786,NSMF,-
chr9,140476530,140484937,ZMYND19,-
chr9,140500091,140509812,ARRDC1,+
chr9,141106636,141134172,FAM157B,+
chrX,1455508,1501582,IL3RA,+
chrX,1522031,1572655,ASMTL,-
chrX,1710485,1721413,AKAP17A,+
chrX,2746862,2800861,GYG2,+
chrX,3522383,3631675,PRKX,-
chrX,9693452,9734005,GPR143,-
chrX,10413349,10851809,MID1,-
chrX,11776277,11793872,MSL3,+
chrX,13789040,13835478,GPM6B,-
chrX,16668280,16672791,S100G,+
chrX,19378175,19533379,MAP3K15,-
chrX,24001832,24045303,KLHL15,-
chrX,24380877,24383541,SUPT20HL1,+
chrX,25021810,25034065,ARX,-
chrX,34645180,34675405,TMEM47,-
chrX,39910498,40036582,BCOR,-
chrX,41548225,41556530,GPR34,+
chrX,47304576,47327069,ZNF41,-
chrX,48368171,48379202,PORCN,+
chrX,48620153,48632064,GLOD5,+
chrX,48684922,48688279,ERAS,+
chrX,49019180,49024496,MAGIX,+
chrX,49106896,49121288,FOXP3,-
chrX,49207115,49214420,GAGE2D,+
chrX,49216676,49223943,GAGE12I,+
chrX,49226170,49233491,GAGE2C,+
chrX,49235707,49242997,GAGE2B,+
chrX,57931863,57937067,ZXDA,-
chrX,64708614,64727767,ZC3H12B,+
chrX,68725077,68752351,FAM155B,+
chrX,69488184,69501690,ARR3,+
chrX,69664704,69725340,DLG3,+
chrX,70279096,70293276,SNX12,-
chrX,70835765,70838367,CXCR3,-
chrX,70934223,70938135,CXorf49,-
chrX,70983139,70987051,CXorf49B,+
chrX,71346959,71351751,RGAG4,-
chrX,71364033,71381600,FLJ44635,+
chrX,79924986,80065233,BRWD3,-
chrX,99899162,99926296,SRPX2,+
chrX,99929487,99986522,SYTL4,-
chrX,100098312,100129334,NOX1,-
chrX,100333835,100351356,TMEM35A,+
chrX,100474932,100519485,DRP2,+
chrX,100523240,100548059,TAF7L,-
chrX,100604434,100641212,BTK,-
chrX,100743030,100750798,ARMCX4,+
chrX,100910266,100914876,ARMCX2,-
chrX,101380659,101382684,TCEAL2,+
chrX,101502093,101581634,NXF2,+
chrX,102330748,102348022,NXF3,-
chrX,102528617,102531797,TCEAL5,-
chrX,102965836,102968960,TMEM31,+
chrX,103031433,103047548,PLP1,+
chrX,103265718,103268259,H2BFWT,-
chrX,103494718,103499599,ESX1,-
chrX,106143393,106174091,CLDN2,+
chrX,106765679,106848474,FRMPD3,+
chrX,107288199,107322414,VSIG1,+
chrX,109437413,109683461,AMMECR1,-
chrX,111017541,111326004,TRPC5,-
chrX,114524282,114542121,LUZP4,+
chrX,115944898,115951828,LOC100126447,-
chrX,117031775,117107760,KLHL13,-
chrX,118533257,118588441,SLC25A43,+
chrX,119029935,119054679,AKAP14,+
chrX,119206228,119211707,RHOXF2B,-
chrX,119292466,119297945,RHOXF2,+
chrX,120181461,120183796,GLUD2,+
chrX,123509752,124097666,TENM1,-
chrX,124453968,124456950,TEX13C,+
chrX,125297481,125300080,DCAF12L2,-
chrX,125953746,125955769,PRR32,+
chrX,128913891,128929177,SASH3,+
chrX,129198894,129244688,ELF4,-
chrX,130192215,130223859,ARHGAP36,+
chrX,131211013,131262048,FRMD7,-
chrX,131503341,131573718,MBNL3,-
chrX,133699872,133867666,PLAC1,-
chrX,133903595,133930385,FAM122B,-
chrX,135229558,135293518,FHL1,+
chrX,135570124,135574598,BRS3,+
chrX,148863599,148869399,MAGEA9,+
chrX,150148980,150159248,HMGB3,+
chrX,151883074,151887096,MAGEA2B,+
chrX,152082985,152142025,ZNF185,+
chrX,152338258,152340864,PNMA6A,+
chrX,152760346,152775012,BGN,+
chrX,152801579,152848387,ATP2B3,+
chrX,152853382,152864632,FAM58A,-
chrX,152935187,152938743,PNCK,-
chrX,152953751,152962048,SLC6A8,+
chrX,153067620,153096022,PDZD4,-
chrX,153195279,153200607,NAA10,-
chrX,153485202,153498755,OPN1MW2,+
chrX,153524026,153558713,TKTL1,+
chrX,153576899,153603006,FLNA,-
chrX,153712055,153715009,UBL4A,-
chrX,154425283,154468122,VBP1,+
chrX,155227245,155240482,IL9R,+
chrY,2354454,2369008,ZBED1,-